Zeitraum,Temperatur,Luftfeuchtigkeit,Bodentemperatur,Bodenfeuchtigkeit
2023-01-01 00:00,20.2,53.4,17.9,38.2
2023-01-01 06:00,20.1,57.4,18.3,40.1
2023-01-01 12:00,20.9,50.1,18.4,33.4
2023-01-01 18:00,21.7,53.5,18.8,55.0
2023-01-02 00:00,18.7,64.2,17.5,32.7
2023-01-02 06:00,19.2,35.4,18.3,50.5
2023-01-02 12:00,21.5,58.7,17.2,50.9
2023-01-02 18:00,20.3,56.2,16.9,25.0
2023-01-03 00:00,18.6,40.8,18.7,49.0
2023-01-03 06:00,21.2,46.3,17.5,37.0
2023-01-03 12:00,19.1,58.3,17.8,26.5
2023-01-03 18:00,20.1,60.5,17.2,36.0
2023-01-04 00:00,21.5,47.3,19.1,33.4
2023-01-04 06:00,21.6,38.2,18.6,42.2
2023-01-04 12:00,22.4,37.1,19.8,40.5
2023-01-04 18:00,21.4,46.1,18.5,34.2
2023-01-05 00:00,21.6,61.1,17.1,39.4
2023-01-05 06:00,19.8,47.0,17.3,52.2
2023-01-05 12:00,20.8,41.7,17.1,34.5
2023-01-05 18:00,19.0,55.0,17.1,48.3
2023-01-06 00:00,22.1,43.8,18.4,31.9
2023-01-06 06:00,21.1,38.5,18.0,54.7
2023-01-06 12:00,19.8,56.3,17.8,25.8
2023-01-06 18:00,21.8,48.3,18.6,40.4
2023-01-07 00:00,22.1,47.5,17.8,29.1
2023-01-07 06:00,22.5,57.7,19.7,28.1
2023-01-07 12:00,22.7,37.8,19.3,53.6
2023-01-07 18:00,22.9,62.5,18.3,43.5
2023-01-08 00:00,20.6,45.8,19.0,41.0
2023-01-08 06:00,21.9,64.7,18.2,51.7
2023-01-08 12:00,19.8,35.8,17.5,37.5
2023-01-08 18:00,22.8,59.9,19.1,36.4
2023-01-09 00:00,23.0,62.6,17.3,37.1
2023-01-09 06:00,21.4,57.8,19.6,42.5
2023-01-09 12:00,19.9,61.9,18.9,25.7
2023-01-09 18:00,22.3,45.2,18.6,30.3
2023-01-10 00:00,19.9,40.3,19.1,42.0
2023-01-10 06:00,22.8,62.3,20.3,32.6
2023-01-10 12:00,22.9,41.0,19.2,25.6
2023-01-10 18:00,21.5,55.8,17.9,32.1
2023-01-11 00:00,21.1,46.1,19.4,44.6
2023-01-11 06:00,21.2,40.2,17.7,53.9
2023-01-11 12:00,21.3,51.9,19.7,52.4
2023-01-11 18:00,22.1,57.8,19.3,25.4
2023-01-12 00:00,22.0,54.5,17.7,52.2
2023-01-12 06:00,22.7,45.2,19.7,33.9
2023-01-12 12:00,21.9,43.4,20.0,44.0
2023-01-12 18:00,22.1,42.7,18.1,34.4
2023-01-13 00:00,24.0,47.6,20.1,39.7
2023-01-13 06:00,22.5,61.9,18.9,28.1
2023-01-13 12:00,22.2,45.8,18.3,46.7
2023-01-13 18:00,22.2,44.7,19.5,51.4
2023-01-14 00:00,23.8,57.7,17.9,32.2
2023-01-14 06:00,21.7,56.1,18.4,31.0
2023-01-14 12:00,23.8,47.5,19.4,40.6
2023-01-14 18:00,21.2,59.0,20.3,36.9
2023-01-15 00:00,21.7,49.1,20.6,54.0
2023-01-15 06:00,23.0,59.4,19.5,38.5
2023-01-15 12:00,21.1,48.4,19.1,37.6
2023-01-15 18:00,22.3,59.7,20.2,41.6
2023-01-16 00:00,24.5,40.9,19.5,37.3
2023-01-16 06:00,22.7,39.1,18.1,25.7
2023-01-16 12:00,22.7,38.3,18.9,50.2
2023-01-16 18:00,24.6,42.6,19.5,51.0
2023-01-17 00:00,23.2,41.4,19.9,49.3
2023-01-17 06:00,23.5,40.0,20.3,42.6
2023-01-17 12:00,22.5,54.4,19.4,27.5
2023-01-17 18:00,24.2,36.8,20.5,28.8
2023-01-18 00:00,24.0,39.7,20.4,33.7
2023-01-18 06:00,24.9,40.5,18.3,33.4
2023-01-18 12:00,24.4,39.2,18.5,42.1
2023-01-18 18:00,21.4,38.8,19.5,45.6
2023-01-19 00:00,22.2,61.0,18.3,25.9
2023-01-19 06:00,22.1,56.1,18.3,41.6
2023-01-19 12:00,22.4,41.9,20.2,36.4
2023-01-19 18:00,21.7,39.5,19.1,54.7
2023-01-20 00:00,21.7,36.0,18.6,31.4
2023-01-20 06:00,21.6,57.2,20.6,30.7
2023-01-20 12:00,23.3,51.5,19.8,45.4
2023-01-20 18:00,22.3,60.5,18.6,45.8
2023-01-21 00:00,24.7,57.6,19.0,37.1
2023-01-21 06:00,21.7,44.4,20.9,41.6
2023-01-21 12:00,22.9,63.5,19.9,31.5
2023-01-21 18:00,24.1,35.8,21.2,28.5
2023-01-22 00:00,23.9,57.2,20.1,32.6
2023-01-22 06:00,24.0,53.0,21.2,25.1
2023-01-22 12:00,25.6,38.2,21.0,31.6
2023-01-22 18:00,22.8,53.8,19.7,48.1
2023-01-23 00:00,24.8,37.2,18.8,39.9
2023-01-23 06:00,21.9,56.0,18.6,29.2
2023-01-23 12:00,25.5,44.0,19.0,41.7
2023-01-23 18:00,23.9,57.7,21.1,28.1
2023-01-24 00:00,23.5,51.9,18.6,42.4
2023-01-24 06:00,25.8,60.8,21.2,53.6
2023-01-24 12:00,25.4,55.1,21.3,43.6
2023-01-24 18:00,25.8,58.6,21.2,33.3
2023-01-25 00:00,25.6,58.7,19.2,49.6
2023-01-25 06:00,25.5,54.9,19.3,50.3
2023-01-25 12:00,22.8,44.8,20.1,49.3
2023-01-25 18:00,24.8,54.9,20.9,30.5
2023-01-26 00:00,26.2,61.7,19.3,46.1
2023-01-26 06:00,23.1,53.0,20.1,25.8
2023-01-26 12:00,24.1,42.5,19.5,39.6
2023-01-26 18:00,23.9,55.1,19.4,41.9
2023-01-27 00:00,22.9,42.9,18.8,25.1
2023-01-27 06:00,22.5,38.1,18.9,34.4
2023-01-27 12:00,24.1,55.3,19.2,52.2
2023-01-27 18:00,23.9,51.4,19.1,47.2
2023-01-28 00:00,26.0,45.1,21.0,40.0
2023-01-28 06:00,24.6,57.3,19.9,43.3
2023-01-28 12:00,23.2,48.1,20.6,47.9
2023-01-28 18:00,23.1,51.5,20.7,28.4
2023-01-29 00:00,25.3,53.3,19.3,44.0
2023-01-29 06:00,24.8,56.5,20.8,26.0
2023-01-29 12:00,23.5,62.3,20.0,45.4
2023-01-29 18:00,25.1,54.4,19.1,27.2
2023-01-30 00:00,26.1,44.4,19.6,45.4
2023-01-30 06:00,23.5,62.7,20.2,40.4
2023-01-30 12:00,24.9,63.5,20.8,36.4
2023-01-30 18:00,24.8,50.1,19.8,31.3
2023-01-31 00:00,24.4,49.6,20.9,36.8
2023-01-31 06:00,24.1,57.1,20.5,40.5
2023-01-31 12:00,26.9,37.0,19.7,30.3
2023-01-31 18:00,25.1,46.0,20.4,27.6
2023-02-01 00:00,24.6,45.2,20.4,25.3
2023-02-01 06:00,27.0,39.9,19.8,43.1
2023-02-01 12:00,27.2,52.7,20.1,38.8
2023-02-01 18:00,25.9,51.5,19.9,45.5
2023-02-02 00:00,23.5,52.0,20.9,34.6
2023-02-02 06:00,23.8,39.3,21.0,35.0
2023-02-02 12:00,26.5,52.3,19.6,27.8
2023-02-02 18:00,27.1,39.1,19.3,53.4
2023-02-03 00:00,27.0,46.1,20.9,29.1
2023-02-03 06:00,25.0,47.8,21.3,25.5
2023-02-03 12:00,25.6,38.8,22.2,35.7
2023-02-03 18:00,25.7,39.8,19.5,47.6
2023-02-04 00:00,24.7,53.5,20.1,44.7
2023-02-04 06:00,25.5,47.0,21.9,39.7
2023-02-04 12:00,26.8,50.4,21.3,26.8
2023-02-04 18:00,25.3,43.8,22.3,43.4
2023-02-05 00:00,27.7,48.0,21.0,35.4
2023-02-05 06:00,26.2,48.7,19.7,26.3
2023-02-05 12:00,24.9,42.2,20.5,43.2
2023-02-05 18:00,26.1,64.1,22.2,27.2
2023-02-06 00:00,25.8,59.0,21.7,50.7
2023-02-06 06:00,25.4,60.1,20.8,25.4
2023-02-06 12:00,25.2,47.9,19.8,37.8
2023-02-06 18:00,24.1,56.6,20.2,38.6
2023-02-07 00:00,24.3,42.5,20.3,49.6
2023-02-07 06:00,25.0,36.0,21.6,34.1
2023-02-07 12:00,26.6,53.2,21.1,27.1
2023-02-07 18:00,26.2,52.0,20.3,49.9
2023-02-08 00:00,25.4,54.1,21.7,26.8
2023-02-08 06:00,27.7,52.8,22.5,44.2
2023-02-08 12:00,26.5,60.5,21.1,29.4
2023-02-08 18:00,24.9,37.0,22.6,50.9
2023-02-09 00:00,25.0,38.7,20.8,49.4
2023-02-09 06:00,24.8,40.8,20.1,44.7
2023-02-09 12:00,26.0,41.5,21.9,36.3
2023-02-09 18:00,25.3,61.2,20.9,43.0
2023-02-10 00:00,25.6,54.5,20.4,46.3
2023-02-10 06:00,26.7,52.5,21.3,32.9
2023-02-10 12:00,24.8,40.0,21.5,26.6
2023-02-10 18:00,26.1,39.5,22.4,49.0
2023-02-11 00:00,25.2,46.8,20.9,38.3
2023-02-11 06:00,24.9,41.2,22.8,43.8
2023-02-11 12:00,26.4,59.0,20.3,41.1
2023-02-11 18:00,26.9,64.2,22.1,35.7
2023-02-12 00:00,26.9,55.2,20.1,52.1
2023-02-12 06:00,28.2,57.1,20.1,28.4
2023-02-12 12:00,25.1,43.1,22.8,30.1
2023-02-12 18:00,25.8,48.7,20.7,33.2
2023-02-13 00:00,27.6,51.9,21.0,49.0
2023-02-13 06:00,27.6,61.3,20.0,33.9
2023-02-13 12:00,27.5,48.7,22.1,39.5
2023-02-13 18:00,26.4,45.1,21.0,48.8
2023-02-14 00:00,25.3,36.2,22.9,48.8
2023-02-14 06:00,28.1,43.2,22.4,30.0
2023-02-14 12:00,25.6,47.5,21.2,48.0
2023-02-14 18:00,25.7,38.4,21.6,44.4
2023-02-15 00:00,25.5,51.4,22.7,43.0
2023-02-15 06:00,28.0,64.6,21.3,51.6
2023-02-15 12:00,27.7,40.4,20.6,29.4
2023-02-15 18:00,26.8,48.9,21.8,42.3
2023-02-16 00:00,29.0,37.2,20.6,53.7
2023-02-16 06:00,26.2,44.0,20.2,26.3
2023-02-16 12:00,29.1,41.4,20.5,28.6
2023-02-16 18:00,27.0,43.2,21.7,32.9
2023-02-17 00:00,26.8,63.0,22.0,52.9
2023-02-17 06:00,28.2,43.3,22.1,54.2
2023-02-17 12:00,27.7,46.8,22.8,43.7
2023-02-17 18:00,27.0,42.5,21.1,34.3
2023-02-18 00:00,27.4,62.3,21.5,51.2
2023-02-18 06:00,27.5,49.6,20.9,53.7
2023-02-18 12:00,29.2,53.2,22.0,41.1
2023-02-18 18:00,26.6,37.2,20.8,30.8
2023-02-19 00:00,25.7,53.6,21.6,44.1
2023-02-19 06:00,26.0,60.9,21.5,30.9
2023-02-19 12:00,26.2,55.5,23.2,34.3
2023-02-19 18:00,27.0,49.5,21.3,51.0
2023-02-20 00:00,26.3,46.5,20.8,29.8
2023-02-20 06:00,27.2,39.0,23.1,43.7
2023-02-20 12:00,29.1,54.5,22.9,37.0
2023-02-20 18:00,26.9,44.8,20.6,48.7
2023-02-21 00:00,28.5,54.7,21.7,36.8
2023-02-21 06:00,28.7,61.4,21.8,40.3
2023-02-21 12:00,27.1,38.9,22.6,34.6
2023-02-21 18:00,26.4,54.5,21.0,53.7
2023-02-22 00:00,28.7,62.2,21.9,51.4
2023-02-22 06:00,29.7,64.5,21.8,44.3
2023-02-22 12:00,29.6,63.0,22.7,26.1
2023-02-22 18:00,28.0,59.6,20.8,49.1
2023-02-23 00:00,26.7,47.4,23.1,48.3
2023-02-23 06:00,28.5,47.9,23.3,52.3
2023-02-23 12:00,29.0,39.6,22.8,27.4
2023-02-23 18:00,29.5,43.8,22.7,49.1
2023-02-24 00:00,26.4,62.8,22.8,36.2
2023-02-24 06:00,29.5,44.6,22.9,43.3
2023-02-24 12:00,28.5,58.0,23.2,54.7
2023-02-24 18:00,28.8,58.6,23.0,32.8
2023-02-25 00:00,29.0,40.6,21.0,34.9
2023-02-25 06:00,29.9,46.7,22.6,32.4
2023-02-25 12:00,27.1,54.2,20.8,34.5
2023-02-25 18:00,27.5,45.6,22.5,25.8
2023-02-26 00:00,29.1,35.8,22.8,29.9
2023-02-26 06:00,29.0,50.8,22.8,43.0
2023-02-26 12:00,28.6,46.9,23.4,50.7
2023-02-26 18:00,26.5,35.7,23.4,54.6
2023-02-27 00:00,27.9,35.8,23.0,46.5
2023-02-27 06:00,29.7,55.6,21.3,47.8
2023-02-27 12:00,29.9,60.7,22.6,35.8
2023-02-27 18:00,26.7,38.8,20.8,28.8
2023-02-28 00:00,28.1,40.4,23.5,50.8
2023-02-28 06:00,29.7,53.6,21.7,45.4
2023-02-28 12:00,29.1,39.3,23.5,32.3
2023-02-28 18:00,28.4,43.0,20.8,50.6
2023-03-01 00:00,29.2,39.8,21.6,26.5
2023-03-01 06:00,29.3,60.8,23.6,51.9
2023-03-01 12:00,27.2,60.4,23.2,52.2
2023-03-01 18:00,30.4,64.6,21.7,37.7
2023-03-02 00:00,27.5,58.5,23.3,38.2
2023-03-02 06:00,27.3,55.8,21.9,52.8
2023-03-02 12:00,28.6,40.2,21.5,48.4
2023-03-02 18:00,29.7,53.2,22.0,38.6
2023-03-03 00:00,27.0,57.3,21.7,33.5
2023-03-03 06:00,29.8,63.1,23.9,28.5
2023-03-03 12:00,28.1,35.8,23.2,30.8
2023-03-03 18:00,27.0,47.5,23.4,25.9
2023-03-04 00:00,29.1,55.0,23.4,31.3
2023-03-04 06:00,28.3,56.0,21.4,27.3
2023-03-04 12:00,29.6,62.8,21.3,26.7
2023-03-04 18:00,30.2,51.5,23.7,44.1
2023-03-05 00:00,30.9,43.7,21.3,32.4
2023-03-05 06:00,27.1,47.5,23.7,47.6
2023-03-05 12:00,27.7,36.4,21.1,46.0
2023-03-05 18:00,29.2,56.1,23.2,38.3
2023-03-06 00:00,27.6,61.2,23.2,26.1
2023-03-06 06:00,30.3,45.2,23.1,30.0
2023-03-06 12:00,30.3,62.5,23.9,54.5
2023-03-06 18:00,29.1,41.5,23.5,27.1
2023-03-07 00:00,30.8,39.5,22.9,41.1
2023-03-07 06:00,27.7,64.2,22.5,48.9
2023-03-07 12:00,28.0,42.8,21.6,27.9
2023-03-07 18:00,27.3,58.5,21.4,52.3
2023-03-08 00:00,30.0,35.4,22.1,46.5
2023-03-08 06:00,30.3,39.4,21.3,41.6
2023-03-08 12:00,28.4,47.7,21.3,25.5
2023-03-08 18:00,30.6,55.6,22.2,47.4
2023-03-09 00:00,27.4,54.3,21.2,25.1
2023-03-09 06:00,27.3,51.1,23.6,38.6
2023-03-09 12:00,30.3,58.9,21.5,25.5
2023-03-09 18:00,29.5,50.7,21.2,29.2
2023-03-10 00:00,28.7,64.3,23.0,25.7
2023-03-10 06:00,28.1,48.0,22.2,53.5
2023-03-10 12:00,27.7,63.9,21.4,34.7
2023-03-10 18:00,29.0,44.6,23.4,40.9
2023-03-11 00:00,29.6,45.0,22.8,26.1
2023-03-11 06:00,30.2,61.7,22.3,38.5
2023-03-11 12:00,27.9,56.1,21.9,43.8
2023-03-11 18:00,27.7,53.3,23.7,42.9
2023-03-12 00:00,30.1,40.9,23.7,48.2
2023-03-12 06:00,28.2,64.4,22.0,35.3
2023-03-12 12:00,28.0,51.1,22.3,42.1
2023-03-12 18:00,29.4,38.6,21.7,36.9
2023-03-13 00:00,28.8,50.1,23.2,51.9
2023-03-13 06:00,30.0,52.8,21.5,28.8
2023-03-13 12:00,29.2,44.7,21.7,28.6
2023-03-13 18:00,28.0,52.5,22.4,32.6
2023-03-14 00:00,28.6,44.0,23.3,30.2
2023-03-14 06:00,28.7,40.5,23.5,44.1
2023-03-14 12:00,29.2,42.6,22.3,28.9
2023-03-14 18:00,30.4,64.7,22.5,46.7
2023-03-15 00:00,28.4,64.7,23.4,38.1
2023-03-15 06:00,31.4,61.2,23.8,42.5
2023-03-15 12:00,28.1,58.6,24.1,34.4
2023-03-15 18:00,29.0,56.1,21.3,45.5
2023-03-16 00:00,28.9,44.8,23.5,44.1
2023-03-16 06:00,30.3,43.2,23.7,33.5
2023-03-16 12:00,29.7,37.4,23.5,29.6
2023-03-16 18:00,31.3,44.1,22.4,47.4
2023-03-17 00:00,31.6,44.9,23.9,31.1
2023-03-17 06:00,28.0,46.4,23.3,46.0
2023-03-17 12:00,28.0,52.2,22.8,46.7
2023-03-17 18:00,29.7,60.4,24.0,41.7
2023-03-18 00:00,29.7,62.7,22.4,47.0
2023-03-18 06:00,31.5,37.8,23.1,48.1
2023-03-18 12:00,29.1,52.0,22.4,49.3
2023-03-18 18:00,29.4,62.2,24.3,42.3
2023-03-19 00:00,30.4,35.5,21.5,53.9
2023-03-19 06:00,31.0,64.9,24.2,39.4
2023-03-19 12:00,28.8,52.1,23.1,54.1
2023-03-19 18:00,30.2,37.5,21.6,46.6
2023-03-20 00:00,31.8,61.3,22.9,31.8
2023-03-20 06:00,29.8,43.9,24.0,49.5
2023-03-20 12:00,31.1,53.1,24.1,36.2
2023-03-20 18:00,28.4,63.8,22.4,42.2
2023-03-21 00:00,31.7,64.0,22.1,52.5
2023-03-21 06:00,30.4,51.2,23.4,52.9
2023-03-21 12:00,29.9,35.4,22.9,26.9
2023-03-21 18:00,29.5,45.7,24.4,53.0
2023-03-22 00:00,28.1,48.3,23.5,36.5
2023-03-22 06:00,30.6,60.7,22.1,51.3
2023-03-22 12:00,31.5,58.7,23.1,32.9
2023-03-22 18:00,29.8,53.0,23.7,31.5
2023-03-23 00:00,30.0,63.1,24.0,42.5
2023-03-23 06:00,31.7,44.5,23.6,53.6
2023-03-23 12:00,27.9,49.3,21.6,27.9
2023-03-23 18:00,30.1,57.6,24.2,27.1
2023-03-24 00:00,29.0,57.6,22.0,53.9
2023-03-24 06:00,30.8,60.6,23.2,38.8
2023-03-24 12:00,28.6,57.8,24.1,44.6
2023-03-24 18:00,30.5,47.7,22.2,38.4
2023-03-25 00:00,28.0,45.6,21.8,30.5
2023-03-25 06:00,30.7,53.4,23.9,30.9
2023-03-25 12:00,31.7,53.9,23.2,41.7
2023-03-25 18:00,31.3,47.0,22.2,44.0
2023-03-26 00:00,31.5,35.4,22.5,40.9
2023-03-26 06:00,28.9,39.6,22.3,27.7
2023-03-26 12:00,28.1,40.1,22.9,49.2
2023-03-26 18:00,28.0,57.6,23.5,41.5
2023-03-27 00:00,30.5,37.3,24.5,33.4
2023-03-27 06:00,29.6,42.2,23.1,46.4
2023-03-27 12:00,28.8,38.6,22.2,48.4
2023-03-27 18:00,28.1,57.6,22.1,33.5
2023-03-28 00:00,29.8,54.8,24.2,54.2
2023-03-28 06:00,29.9,35.9,23.2,33.7
2023-03-28 12:00,31.9,54.0,21.6,40.5
2023-03-28 18:00,28.0,46.6,23.7,29.7
2023-03-29 00:00,29.7,58.2,22.0,48.4
2023-03-29 06:00,31.8,62.7,22.3,30.2
2023-03-29 12:00,28.2,59.6,22.1,44.8
2023-03-29 18:00,30.0,65.0,24.3,31.9
2023-03-30 00:00,30.3,36.2,23.9,37.8
2023-03-30 06:00,28.5,39.6,23.8,54.2
2023-03-30 12:00,28.5,56.4,23.9,31.5
2023-03-30 18:00,29.0,56.4,22.4,34.8
2023-03-31 00:00,28.9,48.4,23.6,46.6
2023-03-31 06:00,31.6,63.0,21.6,27.0
2023-03-31 12:00,28.6,40.5,23.7,50.2
2023-03-31 18:00,29.4,64.8,23.9,50.0
2023-04-01 00:00,29.6,59.7,21.8,31.5
2023-04-01 06:00,28.6,39.7,22.4,44.9
2023-04-01 12:00,31.8,59.8,24.5,52.3
2023-04-01 18:00,30.4,38.1,23.1,38.7
2023-04-02 00:00,31.5,62.0,23.0,54.2
2023-04-02 06:00,30.0,54.3,21.5,35.9
2023-04-02 12:00,29.3,59.3,23.8,47.9
2023-04-02 18:00,28.5,37.2,22.9,28.8
2023-04-03 00:00,28.2,61.1,22.1,53.8
2023-04-03 06:00,29.4,39.7,23.0,29.8
2023-04-03 12:00,30.3,57.1,21.5,28.3
2023-04-03 18:00,28.8,64.8,22.7,48.6
2023-04-04 00:00,30.7,36.6,22.3,43.9
2023-04-04 06:00,31.8,59.6,24.3,30.2
2023-04-04 12:00,28.7,57.7,23.4,30.2
2023-04-04 18:00,28.5,35.4,23.6,38.5
2023-04-05 00:00,28.5,53.3,23.3,31.9
2023-04-05 06:00,31.0,56.7,24.1,38.4
2023-04-05 12:00,30.3,45.5,22.1,37.1
2023-04-05 18:00,28.2,45.7,23.2,31.4
2023-04-06 00:00,29.9,45.1,22.8,39.3
2023-04-06 06:00,28.1,41.4,23.3,34.3
2023-04-06 12:00,28.9,44.0,23.2,52.5
2023-04-06 18:00,29.0,51.8,24.2,50.2
2023-04-07 00:00,29.8,51.0,23.6,52.3
2023-04-07 06:00,31.1,39.9,21.8,36.6
2023-04-07 12:00,28.9,41.5,24.2,32.3
2023-04-07 18:00,31.2,55.2,23.9,49.6
2023-04-08 00:00,29.3,47.3,24.2,53.8
2023-04-08 06:00,28.4,47.4,22.2,26.2
2023-04-08 12:00,30.7,62.1,21.7,31.7
2023-04-08 18:00,29.7,54.6,22.5,35.5
2023-04-09 00:00,29.0,52.1,21.5,51.8
2023-04-09 06:00,28.2,53.3,22.5,54.4
2023-04-09 12:00,30.6,54.7,21.9,35.1
2023-04-09 18:00,31.3,45.6,23.4,32.7
2023-04-10 00:00,30.0,35.7,21.7,34.8
2023-04-10 06:00,30.6,55.6,22.9,28.8
2023-04-10 12:00,31.7,56.6,23.8,25.7
2023-04-10 18:00,29.3,52.9,23.0,42.3
2023-04-11 00:00,31.5,49.8,23.4,30.9
2023-04-11 06:00,31.0,64.9,23.5,50.2
2023-04-11 12:00,30.1,38.9,21.8,51.3
2023-04-11 18:00,31.2,53.5,22.6,33.2
2023-04-12 00:00,28.3,56.6,23.0,43.4
2023-04-12 06:00,29.0,63.3,22.2,33.7
2023-04-12 12:00,28.0,61.0,21.7,27.5
2023-04-12 18:00,31.4,37.7,24.1,48.9
2023-04-13 00:00,29.8,61.5,22.6,25.3
2023-04-13 06:00,27.8,40.2,21.8,30.3
2023-04-13 12:00,28.3,48.6,23.1,33.2
2023-04-13 18:00,28.7,47.0,22.6,51.5
2023-04-14 00:00,29.6,48.6,23.6,53.9
2023-04-14 06:00,28.1,51.9,21.5,46.5
2023-04-14 12:00,29.0,40.8,22.1,39.2
2023-04-14 18:00,27.8,40.4,24.2,35.2
2023-04-15 00:00,27.9,41.1,23.4,44.4
2023-04-15 06:00,29.7,51.8,23.6,44.6
2023-04-15 12:00,29.8,46.1,21.9,42.6
2023-04-15 18:00,30.3,35.3,23.7,45.3
2023-04-16 00:00,31.3,40.7,21.6,44.6
2023-04-16 06:00,29.2,63.4,22.1,29.8
2023-04-16 12:00,30.3,44.5,22.7,44.0
2023-04-16 18:00,28.6,37.6,22.4,53.0
2023-04-17 00:00,28.7,44.7,24.2,33.5
2023-04-17 06:00,29.0,60.5,22.9,37.6
2023-04-17 12:00,29.0,53.0,21.4,51.4
2023-04-17 18:00,30.5,39.2,22.4,38.8
2023-04-18 00:00,31.4,53.1,23.0,39.7
2023-04-18 06:00,30.4,58.7,22.7,53.0
2023-04-18 12:00,30.5,57.4,22.9,47.6
2023-04-18 18:00,27.6,56.1,23.4,39.3
2023-04-19 00:00,28.3,37.3,23.9,47.0
2023-04-19 06:00,28.7,58.7,22.7,32.4
2023-04-19 12:00,30.0,55.2,23.9,32.1
2023-04-19 18:00,30.5,59.6,22.4,48.0
2023-04-20 00:00,28.8,47.8,23.2,25.1
2023-04-20 06:00,28.0,61.9,23.6,27.9
2023-04-20 12:00,30.6,36.8,24.2,53.0
2023-04-20 18:00,31.2,62.1,21.7,42.6
2023-04-21 00:00,28.6,36.0,21.8,42.6
2023-04-21 06:00,27.8,44.0,23.2,45.3
2023-04-21 12:00,29.0,37.1,24.1,52.8
2023-04-21 18:00,30.2,37.6,22.3,41.2
2023-04-22 00:00,27.8,49.2,21.9,52.1
2023-04-22 06:00,30.4,64.7,23.8,33.7
2023-04-22 12:00,30.7,59.6,21.2,50.0
2023-04-22 18:00,28.4,39.3,23.4,43.7
2023-04-23 00:00,27.8,36.2,23.9,40.8
2023-04-23 06:00,29.4,54.7,22.0,37.5
2023-04-23 12:00,29.1,43.3,21.9,36.7
2023-04-23 18:00,27.4,60.4,23.0,49.2
2023-04-24 00:00,30.9,55.5,21.1,28.4
2023-04-24 06:00,30.4,46.6,23.3,36.8
2023-04-24 12:00,29.3,43.8,23.1,32.9
2023-04-24 18:00,27.9,59.5,22.7,43.1
2023-04-25 00:00,28.6,45.1,22.4,47.7
2023-04-25 06:00,28.9,64.2,23.2,47.7
2023-04-25 12:00,28.6,48.1,23.8,49.9
2023-04-25 18:00,30.6,50.6,22.4,25.6
2023-04-26 00:00,27.7,46.5,23.0,31.2
2023-04-26 06:00,28.9,53.7,23.3,27.0
2023-04-26 12:00,30.0,46.9,23.4,36.6
2023-04-26 18:00,29.6,58.9,21.2,54.0
2023-04-27 00:00,27.5,35.0,22.0,47.6
2023-04-27 06:00,30.7,56.1,23.2,36.0
2023-04-27 12:00,27.6,61.5,21.5,54.3
2023-04-27 18:00,27.1,62.4,23.3,34.0
2023-04-28 00:00,30.5,39.0,22.5,36.7
2023-04-28 06:00,29.9,62.1,22.4,46.1
2023-04-28 12:00,29.4,53.4,21.3,40.7
2023-04-28 18:00,30.0,55.7,23.9,51.2
2023-04-29 00:00,28.7,48.0,22.2,42.9
2023-04-29 06:00,28.9,41.1,22.4,39.8
2023-04-29 12:00,27.3,63.8,23.3,51.2
2023-04-29 18:00,28.9,39.6,22.4,49.8
2023-04-30 00:00,28.7,61.6,22.4,37.0
2023-04-30 06:00,29.1,46.0,23.1,28.0
2023-04-30 12:00,30.5,57.0,21.0,29.8
2023-04-30 18:00,28.9,64.2,21.3,34.6
2023-05-01 00:00,28.1,46.3,23.5,36.2
2023-05-01 06:00,29.5,50.4,22.4,36.8
2023-05-01 12:00,30.4,53.2,21.7,29.4
2023-05-01 18:00,27.2,41.3,23.7,33.4
2023-05-02 00:00,28.1,41.6,22.4,43.0
2023-05-02 06:00,27.2,42.5,22.8,43.5
2023-05-02 12:00,28.3,55.1,21.8,31.7
2023-05-02 18:00,27.4,59.4,23.3,45.4
2023-05-03 00:00,30.1,53.9,22.3,51.7
2023-05-03 06:00,28.7,52.0,22.4,37.6
2023-05-03 12:00,27.5,52.2,23.7,48.8
2023-05-03 18:00,30.1,62.3,21.6,29.1
2023-05-04 00:00,29.8,50.9,22.0,31.5
2023-05-04 06:00,28.9,49.4,23.6,48.6
2023-05-04 12:00,28.6,46.6,22.0,48.9
2023-05-04 18:00,28.0,61.1,23.5,45.7
2023-05-05 00:00,28.3,57.8,23.0,28.0
2023-05-05 06:00,28.0,49.9,23.7,37.6
2023-05-05 12:00,27.7,58.9,23.2,31.1
2023-05-05 18:00,28.1,46.3,23.3,27.7
2023-05-06 00:00,29.0,36.7,22.4,41.2
2023-05-06 06:00,30.1,50.0,22.6,49.0
2023-05-06 12:00,29.7,36.2,23.5,37.6
2023-05-06 18:00,28.2,38.9,20.9,47.3
2023-05-07 00:00,30.1,39.7,22.1,50.7
2023-05-07 06:00,26.3,55.8,22.8,28.3
2023-05-07 12:00,29.3,55.0,23.2,31.2
2023-05-07 18:00,29.6,53.8,23.4,53.1
2023-05-08 00:00,26.1,42.7,21.9,35.8
2023-05-08 06:00,27.2,63.0,21.4,34.2
2023-05-08 12:00,28.3,43.4,21.1,33.3
2023-05-08 18:00,29.2,48.0,22.7,46.7
2023-05-09 00:00,28.5,44.7,23.1,25.2
2023-05-09 06:00,29.6,43.5,22.9,47.8
2023-05-09 12:00,26.3,38.8,22.3,50.5
2023-05-09 18:00,27.5,64.0,21.8,32.6
2023-05-10 00:00,29.7,36.7,22.6,41.5
2023-05-10 06:00,26.3,47.1,21.5,54.7
2023-05-10 12:00,26.4,38.7,20.7,52.4
2023-05-10 18:00,26.9,37.7,20.9,53.7
2023-05-11 00:00,29.5,55.0,22.5,26.8
2023-05-11 06:00,28.3,38.4,23.1,50.6
2023-05-11 12:00,29.0,38.4,20.8,54.8
2023-05-11 18:00,25.9,52.0,22.2,51.4
2023-05-12 00:00,26.1,38.4,22.3,54.2
2023-05-12 06:00,26.9,60.7,20.6,40.1
2023-05-12 12:00,26.1,64.8,22.9,45.2
2023-05-12 18:00,27.9,43.9,22.4,38.7
2023-05-13 00:00,26.4,52.7,22.6,44.2
2023-05-13 06:00,27.3,58.4,21.7,46.4
2023-05-13 12:00,28.2,40.9,21.3,44.8
2023-05-13 18:00,26.1,46.9,22.3,33.7
2023-05-14 00:00,25.7,45.1,22.0,27.8
2023-05-14 06:00,26.2,39.9,21.3,46.6
2023-05-14 12:00,26.3,48.1,22.0,25.8
2023-05-14 18:00,26.2,54.6,21.7,39.9
2023-05-15 00:00,28.0,40.0,20.9,42.2
2023-05-15 06:00,26.7,37.7,21.9,29.4
2023-05-15 12:00,27.0,52.3,23.1,53.1
2023-05-15 18:00,26.8,48.0,22.4,44.9
2023-05-16 00:00,26.7,64.2,21.7,48.1
2023-05-16 06:00,26.0,45.2,20.3,32.1
2023-05-16 12:00,27.9,56.6,21.6,30.7
2023-05-16 18:00,26.6,58.1,20.6,40.5
2023-05-17 00:00,25.9,38.8,20.3,52.9
2023-05-17 06:00,27.1,55.2,22.0,51.1
2023-05-17 12:00,27.2,57.4,20.5,53.1
2023-05-17 18:00,27.3,55.7,21.8,29.9
2023-05-18 00:00,26.6,62.3,20.7,42.3
2023-05-18 06:00,27.5,46.2,21.6,42.9
2023-05-18 12:00,25.4,40.4,21.4,31.1
2023-05-18 18:00,27.3,64.9,21.3,42.9
2023-05-19 00:00,25.9,35.1,21.7,30.8
2023-05-19 06:00,25.2,52.4,20.6,29.9
2023-05-19 12:00,26.6,48.7,20.3,48.6
2023-05-19 18:00,27.4,43.3,22.0,36.5
2023-05-20 00:00,26.1,46.9,20.4,39.6
2023-05-20 06:00,25.8,57.6,19.9,35.4
2023-05-20 12:00,26.6,35.1,21.2,35.7
2023-05-20 18:00,27.3,57.8,20.0,25.9
2023-05-21 00:00,25.2,61.4,20.8,53.6
2023-05-21 06:00,25.3,39.1,22.3,26.1
2023-05-21 12:00,28.1,55.9,20.5,30.0
2023-05-21 18:00,24.9,45.2,21.4,37.8
2023-05-22 00:00,24.7,36.3,21.0,28.8
2023-05-22 06:00,25.7,36.9,20.9,41.6
2023-05-22 12:00,27.0,54.4,21.6,33.3
2023-05-22 18:00,25.1,64.5,21.8,43.7
2023-05-23 00:00,27.6,47.0,20.4,30.2
2023-05-23 06:00,26.7,48.6,20.6,45.9
2023-05-23 12:00,24.9,41.7,20.1,29.2
2023-05-23 18:00,27.1,57.2,21.6,32.1
2023-05-24 00:00,25.7,57.8,19.7,35.1
2023-05-24 06:00,25.0,43.1,20.3,51.4
2023-05-24 12:00,24.3,57.4,21.6,29.9
2023-05-24 18:00,27.6,42.5,20.4,30.0
2023-05-25 00:00,26.2,62.9,19.6,47.5
2023-05-25 06:00,26.3,43.6,19.5,54.1
2023-05-25 12:00,26.2,52.1,22.5,25.6
2023-05-25 18:00,26.6,62.4,19.6,29.1
2023-05-26 00:00,26.5,64.8,21.8,51.2
2023-05-26 06:00,24.1,48.5,20.1,31.0
2023-05-26 12:00,26.4,60.0,19.9,33.1
2023-05-26 18:00,27.0,54.1,20.5,32.7
2023-05-27 00:00,24.0,38.0,22.2,46.5
2023-05-27 06:00,24.5,39.2,20.9,34.6
2023-05-27 12:00,24.0,39.4,20.2,49.5
2023-05-27 18:00,25.2,63.1,22.0,38.2
2023-05-28 00:00,25.6,43.2,21.7,43.7
2023-05-28 06:00,24.9,63.8,22.1,37.2
2023-05-28 12:00,27.5,39.5,20.4,49.6
2023-05-28 18:00,23.7,45.9,21.3,47.8
2023-05-29 00:00,24.1,61.0,19.8,44.4
2023-05-29 06:00,25.0,37.8,19.6,28.5
2023-05-29 12:00,25.9,42.5,20.4,31.4
2023-05-29 18:00,24.1,64.3,20.7,37.1
2023-05-30 00:00,25.4,51.8,21.3,40.7
2023-05-30 06:00,25.9,43.8,19.7,44.2
2023-05-30 12:00,27.2,48.0,21.6,41.6
2023-05-30 18:00,26.5,49.2,20.0,37.7
2023-05-31 00:00,23.3,47.9,19.2,29.1
2023-05-31 06:00,24.1,46.4,20.7,30.4
2023-05-31 12:00,24.7,42.4,21.7,45.4
2023-05-31 18:00,26.4,63.5,21.1,27.2
2023-06-01 00:00,23.5,58.9,21.6,45.3
2023-06-01 06:00,24.7,41.6,19.3,54.9
2023-06-01 12:00,25.5,62.0,19.5,30.9
2023-06-01 18:00,23.0,52.5,20.0,50.2
2023-06-02 00:00,24.7,47.9,21.8,30.5
2023-06-02 06:00,24.6,36.2,20.6,33.7
2023-06-02 12:00,23.5,61.7,20.8,54.8
2023-06-02 18:00,25.3,39.2,21.5,50.1
2023-06-03 00:00,24.7,42.6,20.4,33.2
2023-06-03 06:00,24.7,62.3,20.4,29.4
2023-06-03 12:00,24.3,53.5,19.3,38.6
2023-06-03 18:00,24.0,50.2,19.0,26.8
2023-06-04 00:00,23.7,43.3,20.1,26.8
2023-06-04 06:00,25.6,55.0,19.4,43.1
2023-06-04 12:00,24.1,41.1,21.5,45.9
2023-06-04 18:00,23.3,43.9,21.7,30.9
2023-06-05 00:00,24.5,55.9,21.2,43.6
2023-06-05 06:00,22.8,47.2,20.4,37.1
2023-06-05 12:00,23.3,50.5,21.2,29.9
2023-06-05 18:00,25.6,58.6,20.7,49.6
2023-06-06 00:00,23.5,61.4,21.4,53.4
2023-06-06 06:00,22.8,50.3,21.0,25.6
2023-06-06 12:00,25.1,46.8,21.6,30.2
2023-06-06 18:00,23.2,60.4,19.7,32.5
2023-06-07 00:00,24.0,49.5,21.5,31.2
2023-06-07 06:00,25.4,60.5,21.4,44.1
2023-06-07 12:00,23.3,40.6,20.6,44.8
2023-06-07 18:00,24.4,61.8,20.5,48.7
2023-06-08 00:00,21.9,39.1,19.0,35.1
2023-06-08 06:00,24.9,59.2,18.5,41.1
2023-06-08 12:00,23.2,52.2,19.5,34.8
2023-06-08 18:00,22.8,63.3,18.5,30.8
2023-06-09 00:00,25.1,39.8,19.5,40.4
2023-06-09 06:00,22.6,46.6,19.0,45.2
2023-06-09 12:00,23.0,56.0,19.7,30.2
2023-06-09 18:00,24.7,47.7,19.5,35.7
2023-06-10 00:00,22.2,61.0,20.9,54.0
2023-06-10 06:00,23.2,48.2,21.0,37.1
2023-06-10 12:00,23.6,48.4,19.7,36.5
2023-06-10 18:00,23.7,45.2,20.9,51.2
2023-06-11 00:00,21.5,37.1,18.6,34.9
2023-06-11 06:00,24.6,54.6,19.6,45.7
2023-06-11 12:00,22.1,62.4,18.8,44.2
2023-06-11 18:00,23.9,60.2,19.5,27.3
2023-06-12 00:00,23.2,38.6,19.6,46.9
2023-06-12 06:00,24.8,55.4,19.2,53.6
2023-06-12 12:00,24.7,42.7,20.4,26.4
2023-06-12 18:00,25.0,39.5,20.0,31.8
2023-06-13 00:00,24.8,57.4,18.5,49.5
2023-06-13 06:00,23.9,37.0,20.0,47.0
2023-06-13 12:00,24.3,41.0,19.3,38.1
2023-06-13 18:00,22.7,41.6,19.3,53.5
2023-06-14 00:00,23.5,52.3,18.2,53.3
2023-06-14 06:00,21.1,58.3,20.9,48.4
2023-06-14 12:00,24.2,53.8,20.0,50.5
2023-06-14 18:00,23.3,38.3,18.7,49.5
2023-06-15 00:00,23.9,52.8,18.4,27.0
2023-06-15 06:00,21.8,58.7,18.8,38.1
2023-06-15 12:00,21.4,57.6,20.3,27.0
2023-06-15 18:00,24.5,56.8,20.6,39.2
2023-06-16 00:00,23.0,44.2,19.0,28.4
2023-06-16 06:00,23.6,59.4,18.2,47.7
2023-06-16 12:00,21.5,62.6,19.2,40.2
2023-06-16 18:00,24.6,38.9,20.4,45.5
2023-06-17 00:00,23.3,45.5,17.9,41.7
2023-06-17 06:00,23.8,58.3,18.7,36.8
2023-06-17 12:00,21.2,57.2,20.6,26.2
2023-06-17 18:00,20.9,56.0,20.4,52.1
2023-06-18 00:00,21.1,36.0,17.9,54.1
2023-06-18 06:00,21.1,37.7,17.8,48.0
2023-06-18 12:00,21.3,52.4,18.5,45.1
2023-06-18 18:00,23.0,60.0,19.2,49.5
2023-06-19 00:00,22.5,59.0,20.4,36.4
2023-06-19 06:00,23.0,59.6,19.9,49.4
2023-06-19 12:00,20.5,62.5,18.5,51.3
2023-06-19 18:00,22.1,40.2,20.4,39.7
2023-06-20 00:00,20.2,42.6,19.2,33.1
2023-06-20 06:00,23.8,62.8,19.4,36.1
2023-06-20 12:00,21.5,54.6,20.4,46.9
2023-06-20 18:00,23.6,62.4,19.1,47.9
2023-06-21 00:00,22.8,52.0,18.6,36.8
2023-06-21 06:00,21.2,56.6,18.5,27.8
2023-06-21 12:00,20.0,53.2,18.2,26.3
2023-06-21 18:00,21.6,60.4,19.1,36.4
2023-06-22 00:00,23.5,44.5,17.5,35.5
2023-06-22 06:00,22.1,60.2,18.7,45.1
2023-06-22 12:00,20.8,55.7,18.0,28.6
2023-06-22 18:00,20.6,37.0,19.0,34.4
2023-06-23 00:00,23.2,40.9,18.6,54.1
2023-06-23 06:00,22.6,64.8,19.1,32.1
2023-06-23 12:00,20.6,59.4,17.8,54.0
2023-06-23 18:00,22.0,37.3,18.7,26.2
2023-06-24 00:00,21.8,59.0,17.5,32.3
2023-06-24 06:00,22.9,44.2,19.5,35.5
2023-06-24 12:00,23.0,41.7,18.5,51.5
2023-06-24 18:00,23.3,42.1,17.9,45.4
2023-06-25 00:00,22.7,54.4,19.3,52.7
2023-06-25 06:00,19.5,57.4,18.0,54.3
2023-06-25 12:00,20.3,64.3,17.7,28.1
2023-06-25 18:00,20.7,43.3,18.2,26.1
2023-06-26 00:00,19.9,53.4,18.7,45.3
2023-06-26 06:00,20.9,36.9,19.5,26.1
2023-06-26 12:00,21.5,54.4,19.5,50.2
2023-06-26 18:00,21.6,37.6,18.9,35.5
2023-06-27 00:00,22.4,43.4,17.8,27.7
2023-06-27 06:00,21.7,58.6,17.5,50.3
2023-06-27 12:00,22.1,47.4,18.3,37.2
2023-06-27 18:00,20.3,52.7,16.9,26.4
2023-06-28 00:00,20.5,53.1,17.2,40.9
2023-06-28 06:00,21.1,43.5,17.4,45.7
2023-06-28 12:00,19.0,38.3,16.8,47.1
2023-06-28 18:00,21.6,36.2,19.6,54.7
2023-06-29 00:00,21.5,36.4,17.1,42.5
2023-06-29 06:00,20.8,50.7,19.3,50.7
2023-06-29 12:00,22.4,51.6,19.2,33.0
2023-06-29 18:00,21.7,47.2,19.0,39.5
2023-06-30 00:00,20.7,63.1,19.4,26.9
2023-06-30 06:00,21.0,38.3,19.4,33.8
2023-06-30 12:00,19.3,62.0,17.2,36.5
2023-06-30 18:00,19.4,42.1,19.3,54.4
2023-07-01 00:00,20.6,36.9,18.7,41.4
2023-07-01 06:00,20.0,62.5,16.7,29.5
2023-07-01 12:00,22.0,39.5,19.2,50.1
2023-07-01 18:00,20.2,60.1,19.4,54.4
2023-07-02 00:00,20.7,37.1,18.4,29.1
2023-07-02 06:00,20.1,42.6,17.3,33.1
2023-07-02 12:00,19.1,51.7,19.3,27.6
2023-07-02 18:00,21.5,51.3,17.6,47.6
2023-07-03 00:00,21.5,36.8,18.6,39.9
2023-07-03 06:00,19.1,38.5,18.8,29.4
2023-07-03 12:00,19.5,43.4,18.4,47.5
2023-07-03 18:00,18.6,47.0,17.1,31.4
2023-07-04 00:00,19.4,47.4,17.6,52.2
2023-07-04 06:00,21.0,60.8,18.8,49.0
2023-07-04 12:00,21.3,36.9,19.0,30.0
2023-07-04 18:00,19.2,64.3,17.2,32.3
2023-07-05 00:00,18.0,51.4,18.8,52.4
2023-07-05 06:00,21.0,58.9,17.5,30.5
2023-07-05 12:00,18.9,54.8,18.6,38.4
2023-07-05 18:00,20.1,56.9,16.3,43.0
2023-07-06 00:00,17.5,62.2,16.3,48.4
2023-07-06 06:00,17.9,35.3,19.1,53.3
2023-07-06 12:00,18.5,48.6,18.0,36.8
2023-07-06 18:00,18.7,59.6,18.8,37.5
2023-07-07 00:00,19.6,53.3,18.2,37.5
2023-07-07 06:00,18.5,36.9,18.2,39.7
2023-07-07 12:00,17.8,57.2,16.8,29.8
2023-07-07 18:00,20.9,60.7,16.2,40.6
2023-07-08 00:00,17.1,39.5,18.1,31.9
2023-07-08 06:00,18.0,60.8,18.5,44.0
2023-07-08 12:00,19.1,39.5,17.6,25.6
2023-07-08 18:00,19.4,40.3,16.5,51.3
2023-07-09 00:00,17.3,46.0,18.0,46.9
2023-07-09 06:00,17.1,62.9,16.2,27.9
2023-07-09 12:00,17.3,60.7,17.1,45.0
2023-07-09 18:00,20.1,42.4,15.9,48.5
2023-07-10 00:00,16.7,50.7,18.8,51.0
2023-07-10 06:00,16.7,44.9,15.8,37.8
2023-07-10 12:00,18.5,55.4,16.0,28.6
2023-07-10 18:00,18.2,64.3,18.5,41.9
2023-07-11 00:00,19.8,48.9,16.6,44.5
2023-07-11 06:00,19.0,47.6,16.0,33.5
2023-07-11 12:00,19.8,35.5,18.1,35.0
2023-07-11 18:00,17.6,62.5,17.9,37.8
2023-07-12 00:00,16.9,58.4,17.6,46.6
2023-07-12 06:00,17.1,43.1,15.8,52.2
2023-07-12 12:00,18.3,43.9,17.1,47.9
2023-07-12 18:00,18.9,39.9,16.2,43.3
2023-07-13 00:00,18.4,56.3,16.2,33.3
2023-07-13 06:00,19.9,48.8,15.8,52.3
2023-07-13 12:00,19.1,44.1,18.0,31.0
2023-07-13 18:00,18.0,53.4,18.3,42.7
2023-07-14 00:00,18.1,60.8,17.6,29.7
2023-07-14 06:00,18.8,60.0,18.4,47.9
2023-07-14 12:00,19.1,59.9,17.0,51.0
2023-07-14 18:00,18.9,38.3,17.9,25.2
2023-07-15 00:00,18.7,38.1,17.4,50.8
2023-07-15 06:00,16.4,38.0,17.8,42.6
2023-07-15 12:00,17.9,55.0,16.2,52.5
2023-07-15 18:00,15.8,64.8,17.6,46.3
2023-07-16 00:00,16.3,43.5,15.5,39.1
2023-07-16 06:00,16.5,54.1,16.3,36.9
2023-07-16 12:00,18.5,58.9,16.5,30.7
2023-07-16 18:00,19.0,36.8,15.5,42.5
2023-07-17 00:00,18.1,50.5,16.6,50.0
2023-07-17 06:00,16.2,51.6,16.6,43.4
2023-07-17 12:00,16.4,60.4,16.6,32.7
2023-07-17 18:00,16.4,49.6,16.6,51.7
2023-07-18 00:00,17.0,37.0,17.3,40.6
2023-07-18 06:00,15.9,42.4,15.9,28.6
2023-07-18 12:00,18.3,43.9,16.5,39.3
2023-07-18 18:00,18.2,41.5,17.1,35.5
2023-07-19 00:00,18.6,51.5,17.1,30.6
2023-07-19 06:00,18.6,44.0,16.9,44.2
2023-07-19 12:00,16.5,40.2,17.1,48.8
2023-07-19 18:00,17.1,57.1,16.1,42.2
2023-07-20 00:00,15.0,54.9,15.2,49.9
2023-07-20 06:00,17.2,50.1,16.9,38.7
2023-07-20 12:00,18.0,46.8,17.8,39.6
2023-07-20 18:00,17.9,46.0,15.4,54.5
2023-07-21 00:00,15.4,53.5,17.0,28.9
2023-07-21 06:00,18.3,39.2,15.5,52.7
2023-07-21 12:00,15.6,49.6,15.8,51.2
2023-07-21 18:00,16.6,41.5,17.8,34.3
2023-07-22 00:00,18.4,64.6,17.0,40.4
2023-07-22 06:00,18.3,56.6,17.2,42.1
2023-07-22 12:00,15.5,44.4,17.7,28.9
2023-07-22 18:00,14.6,53.5,15.7,52.8
2023-07-23 00:00,17.0,47.6,17.7,54.1
2023-07-23 06:00,16.3,49.5,14.8,30.6
2023-07-23 12:00,17.0,49.7,17.2,30.1
2023-07-23 18:00,14.5,39.5,15.5,30.7
2023-07-24 00:00,16.7,45.6,15.7,51.3
2023-07-24 06:00,17.9,62.8,14.8,45.2
2023-07-24 12:00,15.3,52.3,14.7,49.9
2023-07-24 18:00,17.8,35.2,17.4,50.3
2023-07-25 00:00,14.3,44.5,16.9,41.6
2023-07-25 06:00,15.3,48.0,15.5,42.0
2023-07-25 12:00,15.6,36.7,16.7,54.6
2023-07-25 18:00,15.0,63.9,15.9,32.1
2023-07-26 00:00,15.2,57.3,16.0,33.9
2023-07-26 06:00,16.9,36.1,15.4,36.1
2023-07-26 12:00,14.5,49.7,15.5,45.1
2023-07-26 18:00,17.2,60.8,15.6,28.8
2023-07-27 00:00,14.4,46.4,17.3,34.7
2023-07-27 06:00,17.1,51.3,15.8,37.4
2023-07-27 12:00,15.1,57.5,17.2,37.4
2023-07-27 18:00,15.2,62.1,16.3,50.6
2023-07-28 00:00,17.1,63.4,16.8,51.9
2023-07-28 06:00,13.7,51.3,14.8,54.0
2023-07-28 12:00,16.8,46.1,15.3,36.0
2023-07-28 18:00,17.2,55.1,16.1,42.7
2023-07-29 00:00,15.5,63.5,16.6,42.9
2023-07-29 06:00,14.2,49.9,15.8,44.4
2023-07-29 12:00,15.6,64.1,14.4,44.3
2023-07-29 18:00,14.6,39.8,17.0,26.3
2023-07-30 00:00,14.4,62.1,16.0,53.0
2023-07-30 06:00,16.8,56.0,15.3,34.8
2023-07-30 12:00,16.8,47.0,15.9,35.6
2023-07-30 18:00,15.7,48.0,17.0,39.8
2023-07-31 00:00,16.7,59.1,14.7,42.4
2023-07-31 06:00,14.8,64.8,15.6,31.7
2023-07-31 12:00,13.9,59.2,16.0,53.2
2023-07-31 18:00,16.2,47.9,14.8,39.8
2023-08-01 00:00,15.4,36.7,16.4,54.0
2023-08-01 06:00,14.1,52.2,14.4,33.0
2023-08-01 12:00,16.0,39.6,14.1,40.2
2023-08-01 18:00,13.9,39.5,14.7,34.0
2023-08-02 00:00,15.5,63.8,16.6,32.5
2023-08-02 06:00,16.5,40.7,13.9,30.5
2023-08-02 12:00,13.3,37.5,15.7,35.2
2023-08-02 18:00,14.8,59.7,16.6,53.0
2023-08-03 00:00,13.8,40.7,16.6,25.5
2023-08-03 06:00,14.0,48.1,14.5,35.3
2023-08-03 12:00,12.9,39.1,16.3,43.1
2023-08-03 18:00,15.8,35.8,16.3,48.3
2023-08-04 00:00,12.9,57.2,13.8,35.4
2023-08-04 06:00,12.7,43.4,15.9,44.8
2023-08-04 12:00,13.0,62.9,16.1,40.6
2023-08-04 18:00,15.3,48.8,15.9,32.1
2023-08-05 00:00,13.3,61.6,16.4,54.0
2023-08-05 06:00,15.7,60.5,14.7,44.8
2023-08-05 12:00,16.4,59.2,15.2,48.1
2023-08-05 18:00,14.1,49.9,15.8,42.6
2023-08-06 00:00,14.1,61.0,16.2,29.9
2023-08-06 06:00,12.4,63.2,13.9,30.7
2023-08-06 12:00,15.7,60.3,15.8,30.6
2023-08-06 18:00,12.6,46.9,16.1,40.0
2023-08-07 00:00,15.3,58.0,13.7,25.5
2023-08-07 06:00,14.9,38.6,13.9,41.3
2023-08-07 12:00,13.1,40.5,15.8,26.8
2023-08-07 18:00,13.2,60.3,14.6,26.6
2023-08-08 00:00,15.1,35.6,15.7,41.1
2023-08-08 06:00,15.0,37.2,13.7,37.9
2023-08-08 12:00,13.3,54.5,15.9,48.5
2023-08-08 18:00,12.7,56.0,15.7,33.5
2023-08-09 00:00,14.5,40.9,14.2,46.3
2023-08-09 06:00,13.6,56.9,15.5,42.1
2023-08-09 12:00,14.4,45.8,15.6,40.1
2023-08-09 18:00,13.3,41.4,13.4,35.7
2023-08-10 00:00,14.3,51.5,13.9,35.4
2023-08-10 06:00,14.8,35.3,15.2,39.3
2023-08-10 12:00,13.0,56.2,14.8,34.4
2023-08-10 18:00,12.9,42.2,14.0,31.3
2023-08-11 00:00,12.9,64.3,15.4,35.8
2023-08-11 06:00,14.8,47.7,15.6,30.0
2023-08-11 12:00,13.4,64.6,14.3,25.1
2023-08-11 18:00,15.5,56.8,15.2,45.5
2023-08-12 00:00,15.2,49.6,13.6,47.8
2023-08-12 06:00,13.1,63.1,13.7,52.1
2023-08-12 12:00,14.7,43.0,13.8,32.0
2023-08-12 18:00,15.4,43.4,15.2,25.8
2023-08-13 00:00,14.9,62.0,14.8,40.3
2023-08-13 06:00,11.8,45.3,13.5,52.6
2023-08-13 12:00,14.5,56.7,13.2,29.5
2023-08-13 18:00,15.2,44.2,15.3,48.5
2023-08-14 00:00,12.4,43.5,15.7,34.9
2023-08-14 06:00,14.8,35.9,15.0,44.2
2023-08-14 12:00,12.2,48.7,13.8,33.0
2023-08-14 18:00,12.1,51.5,16.0,54.6
2023-08-15 00:00,14.3,46.5,13.3,36.6
2023-08-15 06:00,14.9,45.3,15.5,54.2
2023-08-15 12:00,11.7,49.5,13.0,39.0
2023-08-15 18:00,14.1,57.1,13.1,34.4
2023-08-16 00:00,14.6,52.0,15.6,32.4
2023-08-16 06:00,14.6,48.7,14.0,47.8
2023-08-16 12:00,12.6,56.1,15.8,28.8
2023-08-16 18:00,14.5,50.8,14.2,44.1
2023-08-17 00:00,12.8,58.3,13.1,39.6
2023-08-17 06:00,11.3,45.6,15.7,52.1
2023-08-17 12:00,11.9,61.6,14.5,35.6
2023-08-17 18:00,14.8,52.1,13.1,28.3
2023-08-18 00:00,11.3,61.6,14.7,53.8
2023-08-18 06:00,12.9,38.8,13.5,41.9
2023-08-18 12:00,12.9,57.6,13.4,27.7
2023-08-18 18:00,11.6,50.3,15.6,52.3
2023-08-19 00:00,12.2,43.9,13.4,30.6
2023-08-19 06:00,13.0,44.3,14.0,48.3
2023-08-19 12:00,11.5,41.0,15.6,36.5
2023-08-19 18:00,12.9,43.7,13.1,30.0
2023-08-20 00:00,11.3,42.0,14.7,32.3
2023-08-20 06:00,11.9,64.7,15.6,36.8
2023-08-20 12:00,11.8,59.5,13.7,27.3
2023-08-20 18:00,11.8,62.6,13.2,49.1
2023-08-21 00:00,10.5,41.2,15.1,31.9
2023-08-21 06:00,13.4,45.7,14.7,41.3
2023-08-21 12:00,13.3,50.2,13.6,26.8
2023-08-21 18:00,14.3,37.8,14.4,35.9
2023-08-22 00:00,11.1,39.7,14.8,47.0
2023-08-22 06:00,10.7,59.9,13.5,39.5
2023-08-22 12:00,12.3,37.6,15.3,25.3
2023-08-22 18:00,11.0,38.5,15.3,53.2
2023-08-23 00:00,11.7,63.5,13.1,26.8
2023-08-23 06:00,11.8,61.6,15.4,39.9
2023-08-23 12:00,13.8,53.7,15.1,32.9
2023-08-23 18:00,12.5,41.9,12.8,35.9
2023-08-24 00:00,10.1,59.3,13.2,32.8
2023-08-24 06:00,10.9,58.8,12.9,28.4
2023-08-24 12:00,13.3,56.1,13.6,37.7
2023-08-24 18:00,12.0,37.4,12.6,32.3
2023-08-25 00:00,10.4,35.5,14.2,42.7
2023-08-25 06:00,10.7,54.4,14.8,26.5
2023-08-25 12:00,11.3,52.9,13.9,25.8
2023-08-25 18:00,13.1,55.5,12.9,54.9
2023-08-26 00:00,13.0,42.4,13.7,37.7
2023-08-26 06:00,13.0,49.2,15.4,25.9
2023-08-26 12:00,12.8,45.1,15.4,40.1
2023-08-26 18:00,11.9,40.5,13.0,49.4
2023-08-27 00:00,10.2,50.6,13.3,29.9
2023-08-27 06:00,10.9,38.3,14.0,43.6
2023-08-27 12:00,12.3,41.3,13.4,27.4
2023-08-27 18:00,11.6,63.1,14.0,50.8
2023-08-28 00:00,13.5,49.0,14.5,29.0
2023-08-28 06:00,10.4,47.3,13.3,53.9
2023-08-28 12:00,10.4,44.9,14.5,29.6
2023-08-28 18:00,12.2,49.4,12.6,29.6
2023-08-29 00:00,13.0,64.2,14.7,27.0
2023-08-29 06:00,11.6,62.6,12.3,47.6
2023-08-29 12:00,12.0,59.0,12.9,53.9
2023-08-29 18:00,12.1,40.0,14.2,48.2
2023-08-30 00:00,10.4,54.8,13.8,41.3
2023-08-30 06:00,11.1,53.1,14.6,49.0
2023-08-30 12:00,11.0,38.8,14.1,53.8
2023-08-30 18:00,13.2,51.6,12.4,47.5
2023-08-31 00:00,12.9,59.4,15.1,47.5
2023-08-31 06:00,9.9,44.8,14.4,47.6
2023-08-31 12:00,11.7,58.5,14.8,39.1
2023-08-31 18:00,9.4,35.4,12.7,50.7
2023-09-01 00:00,12.4,59.3,12.2,54.5
2023-09-01 06:00,11.5,55.3,15.0,27.4
2023-09-01 12:00,12.9,43.9,14.9,39.6
2023-09-01 18:00,10.4,37.8,13.3,29.6
2023-09-02 00:00,10.4,58.5,13.9,34.7
2023-09-02 06:00,13.0,53.2,15.1,40.5
2023-09-02 12:00,11.7,57.8,15.1,25.3
2023-09-02 18:00,10.4,59.6,14.3,33.1
2023-09-03 00:00,11.4,57.5,14.6,43.1
2023-09-03 06:00,12.0,62.8,14.1,26.7
2023-09-03 12:00,12.0,62.4,13.9,30.8
2023-09-03 18:00,10.7,36.4,13.1,36.8
2023-09-04 00:00,10.7,47.1,14.3,37.2
2023-09-04 06:00,9.6,41.1,12.1,38.6
2023-09-04 12:00,10.7,51.5,13.0,35.8
2023-09-04 18:00,10.7,35.3,14.5,48.6
2023-09-05 00:00,11.0,57.8,13.1,49.3
2023-09-05 06:00,9.9,38.0,13.5,52.1
2023-09-05 12:00,10.7,49.9,14.9,47.1
2023-09-05 18:00,10.3,64.9,15.0,34.4
2023-09-06 00:00,9.3,41.0,13.2,45.6
2023-09-06 06:00,10.5,50.4,14.8,50.8
2023-09-06 12:00,12.0,57.0,12.8,34.6
2023-09-06 18:00,10.7,45.0,13.4,38.6
2023-09-07 00:00,12.2,51.1,12.0,39.1
2023-09-07 06:00,11.5,39.4,12.2,52.6
2023-09-07 12:00,10.3,60.5,12.4,40.7
2023-09-07 18:00,12.2,61.9,12.9,29.5
2023-09-08 00:00,10.7,59.4,12.0,53.2
2023-09-08 06:00,11.0,46.2,14.2,31.3
2023-09-08 12:00,10.0,40.9,14.7,53.4
2023-09-08 18:00,10.7,43.8,12.6,34.9
2023-09-09 00:00,12.3,43.8,12.8,27.3
2023-09-09 06:00,9.4,61.9,13.5,34.3
2023-09-09 12:00,9.8,38.5,14.3,46.4
2023-09-09 18:00,10.4,57.4,13.1,41.4
2023-09-10 00:00,9.8,54.3,12.8,36.7
2023-09-10 06:00,12.5,37.9,11.8,45.6
2023-09-10 12:00,9.3,38.1,13.1,30.5
2023-09-10 18:00,8.8,35.9,14.1,30.6
2023-09-11 00:00,9.4,39.6,13.4,40.9
2023-09-11 06:00,11.4,47.8,12.3,25.6
2023-09-11 12:00,9.3,39.9,13.8,31.9
2023-09-11 18:00,10.3,49.3,14.0,34.9
2023-09-12 00:00,11.0,48.9,13.1,27.5
2023-09-12 06:00,11.8,49.4,11.9,52.9
2023-09-12 12:00,8.7,38.1,11.9,45.7
2023-09-12 18:00,11.0,51.3,12.6,27.7
2023-09-13 00:00,9.3,51.5,13.5,25.0
2023-09-13 06:00,11.2,59.7,12.7,25.6
2023-09-13 12:00,9.6,49.5,14.1,29.6
2023-09-13 18:00,10.2,60.0,14.1,36.2
2023-09-14 00:00,8.8,54.7,14.2,27.9
2023-09-14 06:00,10.0,41.5,12.5,40.0
2023-09-14 12:00,9.0,38.7,12.8,34.2
2023-09-14 18:00,11.5,54.2,12.3,28.9
2023-09-15 00:00,10.3,49.3,14.1,28.9
2023-09-15 06:00,9.4,49.1,12.1,25.4
2023-09-15 12:00,9.5,40.3,14.5,54.0
2023-09-15 18:00,9.3,53.2,13.1,39.0
2023-09-16 00:00,11.8,59.3,13.4,34.4
2023-09-16 06:00,11.5,45.3,12.9,30.9
2023-09-16 12:00,10.5,40.7,13.8,43.3
2023-09-16 18:00,10.7,40.2,13.7,37.6
2023-09-17 00:00,8.6,47.5,12.6,50.1
2023-09-17 06:00,11.9,50.5,13.0,49.3
2023-09-17 12:00,10.8,35.7,13.9,28.5
2023-09-17 18:00,9.6,59.8,11.8,33.8
2023-09-18 00:00,9.9,41.0,13.8,38.6
2023-09-18 06:00,11.2,48.8,12.1,37.5
2023-09-18 12:00,11.6,61.6,13.2,50.2
2023-09-18 18:00,10.9,53.0,12.8,51.9
2023-09-19 00:00,10.1,35.2,11.7,40.3
2023-09-19 06:00,9.4,63.9,11.7,47.4
2023-09-19 12:00,11.8,51.8,12.0,46.3
2023-09-19 18:00,11.0,48.0,11.8,33.9
2023-09-20 00:00,8.5,39.4,13.5,53.8
2023-09-20 06:00,8.7,43.9,14.5,39.0
2023-09-20 12:00,11.6,41.9,13.3,26.4
2023-09-20 18:00,10.1,59.0,13.9,54.7
2023-09-21 00:00,8.7,35.9,12.1,52.4
2023-09-21 06:00,10.6,53.0,12.9,45.0
2023-09-21 12:00,9.4,54.9,13.4,53.1
2023-09-21 18:00,10.6,43.5,12.3,33.8
2023-09-22 00:00,10.3,41.1,12.4,38.5
2023-09-22 06:00,11.1,57.7,14.4,34.4
2023-09-22 12:00,9.3,53.9,12.2,33.2
2023-09-22 18:00,11.9,50.7,12.1,35.0
2023-09-23 00:00,11.5,63.9,11.9,37.6
2023-09-23 06:00,9.4,46.9,13.7,40.2
2023-09-23 12:00,8.6,63.2,14.1,34.4
2023-09-23 18:00,8.3,59.5,14.3,54.5
2023-09-24 00:00,8.8,36.7,11.6,53.7
2023-09-24 06:00,12.0,45.5,12.5,29.6
2023-09-24 12:00,8.6,53.6,14.2,42.2
2023-09-24 18:00,11.2,56.9,13.2,46.9
2023-09-25 00:00,8.2,60.9,11.6,45.6
2023-09-25 06:00,8.1,44.3,14.4,45.3
2023-09-25 12:00,9.8,46.0,13.1,47.9
2023-09-25 18:00,9.0,48.7,13.2,45.1
2023-09-26 00:00,9.7,42.6,13.9,53.1
2023-09-26 06:00,8.7,63.3,12.8,34.1
2023-09-26 12:00,8.7,55.4,14.3,27.8
2023-09-26 18:00,10.1,57.7,14.0,27.4
2023-09-27 00:00,9.2,46.4,13.4,52.8
2023-09-27 06:00,9.7,38.1,12.9,54.5
2023-09-27 12:00,10.6,37.4,13.9,51.4
2023-09-27 18:00,10.6,50.8,12.0,46.9
2023-09-28 00:00,10.4,56.1,13.1,44.6
2023-09-28 06:00,11.4,61.6,14.4,43.6
2023-09-28 12:00,11.6,54.6,13.1,26.0
2023-09-28 18:00,11.6,39.9,11.8,27.8
2023-09-29 00:00,9.0,52.9,12.4,26.5
2023-09-29 06:00,11.0,58.8,12.0,51.1
2023-09-29 12:00,10.9,41.2,14.0,25.5
2023-09-29 18:00,9.8,43.9,13.2,44.5
2023-09-30 00:00,9.1,64.3,14.0,36.1
2023-09-30 06:00,8.2,50.5,12.1,28.2
2023-09-30 12:00,11.9,48.4,13.2,48.2
2023-09-30 18:00,9.5,40.8,14.0,30.6
2023-10-01 00:00,8.4,46.9,11.6,45.8
2023-10-01 06:00,10.0,56.1,12.0,37.1
2023-10-01 12:00,10.3,54.9,13.2,36.7
2023-10-01 18:00,11.1,36.4,11.7,25.4
2023-10-02 00:00,11.5,58.2,12.2,28.4
2023-10-02 06:00,8.1,40.2,13.1,28.5
2023-10-02 12:00,11.2,55.2,11.6,48.4
2023-10-02 18:00,10.1,51.6,12.5,54.9
2023-10-03 00:00,8.6,58.4,13.2,41.1
2023-10-03 06:00,8.4,53.8,11.6,54.1
2023-10-03 12:00,8.3,39.8,13.1,25.7
2023-10-03 18:00,9.4,39.6,13.1,31.1
2023-10-04 00:00,11.4,42.0,12.0,31.4
2023-10-04 06:00,8.5,51.2,12.5,46.5
2023-10-04 12:00,11.9,40.7,14.1,43.8
2023-10-04 18:00,10.8,43.9,14.3,47.0
2023-10-05 00:00,8.2,56.1,12.0,31.0
2023-10-05 06:00,11.0,37.2,14.5,54.2
2023-10-05 12:00,8.7,38.9,11.8,44.1
2023-10-05 18:00,8.2,46.2,13.5,49.9
2023-10-06 00:00,9.7,38.2,13.1,26.6
2023-10-06 06:00,8.5,42.3,13.8,37.7
2023-10-06 12:00,12.0,46.9,14.3,47.8
2023-10-06 18:00,10.1,62.6,12.4,42.9
2023-10-07 00:00,10.6,58.0,12.9,47.7
2023-10-07 06:00,10.9,47.5,13.5,54.8
2023-10-07 12:00,9.6,44.7,14.5,36.6
2023-10-07 18:00,10.4,43.1,12.4,49.6
2023-10-08 00:00,8.8,45.2,14.0,43.5
2023-10-08 06:00,8.7,57.6,11.7,26.1
2023-10-08 12:00,10.0,40.5,13.5,37.3
2023-10-08 18:00,11.5,61.2,11.7,48.7
2023-10-09 00:00,9.2,40.2,12.7,50.8
2023-10-09 06:00,8.7,49.2,12.5,30.2
2023-10-09 12:00,10.4,40.6,13.6,25.9
2023-10-09 18:00,8.5,53.4,12.9,44.6
2023-10-10 00:00,11.9,50.3,11.7,46.6
2023-10-10 06:00,10.1,58.1,14.1,39.2
2023-10-10 12:00,8.8,46.5,13.4,45.1
2023-10-10 18:00,11.9,50.0,14.5,26.7
2023-10-11 00:00,8.7,59.8,14.2,39.5
2023-10-11 06:00,11.1,61.6,12.9,38.1
2023-10-11 12:00,10.9,60.6,13.5,26.9
2023-10-11 18:00,8.7,62.9,13.2,54.0
2023-10-12 00:00,10.4,49.1,14.3,44.5
2023-10-12 06:00,8.9,64.3,14.2,36.0
2023-10-12 12:00,10.9,58.9,12.3,25.0
2023-10-12 18:00,9.5,64.6,11.7,44.7
2023-10-13 00:00,11.7,47.0,13.3,44.1
2023-10-13 06:00,10.5,55.3,12.1,36.4
2023-10-13 12:00,8.4,48.7,12.5,26.8
2023-10-13 18:00,8.6,55.7,14.1,44.7
2023-10-14 00:00,11.2,36.8,12.6,54.3
2023-10-14 06:00,8.6,47.2,12.7,30.2
2023-10-14 12:00,11.1,37.8,12.2,36.6
2023-10-14 18:00,8.7,45.9,14.5,46.8
2023-10-15 00:00,9.0,43.4,12.7,48.4
2023-10-15 06:00,11.7,36.4,13.4,36.8
2023-10-15 12:00,10.7,52.5,13.6,49.2
2023-10-15 18:00,11.0,38.6,14.5,54.1
2023-10-16 00:00,9.2,60.3,12.4,26.5
2023-10-16 06:00,10.8,59.3,13.2,30.5
2023-10-16 12:00,10.4,53.6,11.9,32.6
2023-10-16 18:00,9.1,50.2,13.6,28.2
2023-10-17 00:00,11.5,56.3,11.7,49.0
2023-10-17 06:00,9.7,45.8,14.5,28.8
2023-10-17 12:00,10.2,36.4,13.2,40.7
2023-10-17 18:00,8.7,63.3,12.6,47.9
2023-10-18 00:00,11.6,45.8,12.5,39.9
2023-10-18 06:00,12.1,42.4,13.4,49.5
2023-10-18 12:00,9.6,46.9,12.4,49.6
2023-10-18 18:00,10.5,43.1,14.6,38.6
2023-10-19 00:00,11.0,62.0,13.2,52.6
2023-10-19 06:00,11.9,64.8,12.1,50.7
2023-10-19 12:00,11.9,49.4,14.0,26.8
2023-10-19 18:00,10.3,53.3,14.6,39.6
2023-10-20 00:00,11.8,42.2,12.0,39.6
2023-10-20 06:00,9.1,57.0,13.4,35.6
2023-10-20 12:00,10.6,46.6,14.2,40.3
2023-10-20 18:00,9.3,56.6,14.0,45.7
2023-10-21 00:00,11.2,58.0,13.9,44.8
2023-10-21 06:00,9.8,48.7,12.4,50.4
2023-10-21 12:00,10.5,48.0,12.2,29.3
2023-10-21 18:00,12.0,51.6,14.2,52.2
2023-10-22 00:00,11.5,60.0,13.4,45.3
2023-10-22 06:00,11.0,47.5,12.0,46.5
2023-10-22 12:00,12.2,57.9,13.1,31.1
2023-10-22 18:00,12.1,46.7,14.1,49.2
2023-10-23 00:00,8.8,40.4,12.4,35.2
2023-10-23 06:00,8.8,38.4,12.0,49.7
2023-10-23 12:00,10.6,50.3,13.0,49.5
2023-10-23 18:00,11.8,61.1,13.8,31.3
2023-10-24 00:00,11.0,53.3,14.2,39.2
2023-10-24 06:00,9.5,45.4,13.6,51.5
2023-10-24 12:00,8.8,60.0,12.2,39.6
2023-10-24 18:00,12.3,61.4,14.3,45.8
2023-10-25 00:00,9.5,46.3,14.0,38.4
2023-10-25 06:00,10.1,57.3,12.7,46.5
2023-10-25 12:00,12.3,60.7,14.7,39.4
2023-10-25 18:00,10.4,51.8,12.7,39.6
2023-10-26 00:00,12.8,58.5,13.4,45.1
2023-10-26 06:00,10.6,46.6,13.6,25.7
2023-10-26 12:00,11.2,37.5,14.6,40.2
2023-10-26 18:00,10.5,64.5,14.2,31.4
2023-10-27 00:00,12.7,57.4,13.7,54.8
2023-10-27 06:00,10.8,41.5,13.0,32.7
2023-10-27 12:00,12.0,38.2,12.5,34.4
2023-10-27 18:00,10.8,37.9,14.4,42.7
2023-10-28 00:00,10.7,53.3,12.3,51.3
2023-10-28 06:00,11.6,47.0,14.4,43.3
2023-10-28 12:00,9.7,36.4,13.2,45.0
2023-10-28 18:00,11.8,49.2,13.0,35.5
2023-10-29 00:00,9.3,48.9,13.5,39.8
2023-10-29 06:00,11.2,37.2,12.4,43.4
2023-10-29 12:00,9.6,41.9,13.2,30.3
2023-10-29 18:00,10.2,41.5,12.1,52.6
2023-10-30 00:00,10.2,36.1,14.0,48.9
2023-10-30 06:00,11.7,52.6,12.8,43.0
2023-10-30 12:00,10.7,35.3,12.3,50.6
2023-10-30 18:00,12.0,39.5,15.1,52.5
2023-10-31 00:00,10.3,38.1,12.5,45.7
2023-10-31 06:00,12.3,63.6,15.0,45.9
2023-10-31 12:00,12.4,54.4,14.1,51.7
2023-10-31 18:00,10.0,60.4,12.7,27.0
2023-11-01 00:00,12.4,49.4,15.1,29.5
2023-11-01 06:00,12.8,52.2,15.1,37.8
2023-11-01 12:00,12.4,59.7,12.4,54.2
2023-11-01 18:00,12.8,41.5,12.7,39.0
2023-11-02 00:00,11.6,58.5,14.4,39.6
2023-11-02 06:00,10.3,42.0,12.6,51.0
2023-11-02 12:00,13.0,36.9,13.3,44.4
2023-11-02 18:00,12.1,51.4,13.6,47.4
2023-11-03 00:00,11.2,53.0,13.8,41.5
2023-11-03 06:00,10.3,44.2,14.2,26.6
2023-11-03 12:00,11.0,38.9,13.7,40.4
2023-11-03 18:00,10.4,47.7,13.6,30.9
2023-11-04 00:00,12.6,61.1,13.5,29.2
2023-11-04 06:00,11.4,50.6,14.3,28.0
2023-11-04 12:00,11.8,54.1,14.2,30.9
2023-11-04 18:00,12.7,36.2,13.0,39.8
2023-11-05 00:00,10.7,60.3,13.2,42.7
2023-11-05 06:00,10.6,42.2,14.2,39.5
2023-11-05 12:00,13.4,62.7,14.2,40.8
2023-11-05 18:00,9.9,38.5,15.2,32.2
2023-11-06 00:00,11.6,51.5,12.7,34.0
2023-11-06 06:00,12.8,41.8,13.5,39.3
2023-11-06 12:00,11.1,60.7,14.5,30.4
2023-11-06 18:00,11.0,54.6,14.8,34.0
2023-11-07 00:00,10.2,46.4,13.3,35.2
2023-11-07 06:00,10.1,37.3,15.4,26.7
2023-11-07 12:00,12.3,55.6,14.9,31.5
2023-11-07 18:00,13.6,37.2,14.7,52.4
2023-11-08 00:00,12.0,60.6,14.0,29.0
2023-11-08 06:00,13.7,56.7,14.0,50.9
2023-11-08 12:00,13.4,48.8,15.5,28.8
2023-11-08 18:00,11.7,50.9,12.8,29.8
2023-11-09 00:00,14.0,63.1,12.7,37.3
2023-11-09 06:00,10.8,35.8,13.9,48.9
2023-11-09 12:00,10.5,63.1,13.7,38.0
2023-11-09 18:00,12.7,50.5,14.1,50.7
2023-11-10 00:00,13.1,39.4,12.8,31.7
2023-11-10 06:00,11.5,50.9,14.0,44.8
2023-11-10 12:00,12.4,44.6,13.4,26.4
2023-11-10 18:00,14.3,49.8,14.3,53.8
2023-11-11 00:00,12.5,61.8,15.6,40.5
2023-11-11 06:00,11.5,48.5,13.4,40.3
2023-11-11 12:00,14.3,36.4,13.3,37.0
2023-11-11 18:00,14.3,57.3,15.0,40.3
2023-11-12 00:00,13.2,61.3,14.9,54.9
2023-11-12 06:00,14.0,51.8,14.9,32.7
2023-11-12 12:00,11.7,36.4,15.4,29.7
2023-11-12 18:00,13.5,41.9,13.1,33.5
2023-11-13 00:00,12.9,52.0,13.3,30.1
2023-11-13 06:00,12.0,51.4,15.4,37.9
2023-11-13 12:00,11.8,53.9,13.8,53.6
2023-11-13 18:00,14.5,57.2,13.0,38.5
2023-11-14 00:00,11.7,45.3,14.8,25.5
2023-11-14 06:00,14.7,42.1,14.5,37.3
2023-11-14 12:00,12.6,36.9,15.5,38.4
2023-11-14 18:00,14.4,38.8,14.3,53.4
2023-11-15 00:00,11.1,54.0,15.9,54.2
2023-11-15 06:00,13.5,43.8,15.5,52.7
2023-11-15 12:00,12.7,59.3,13.5,41.9
2023-11-15 18:00,14.6,54.0,13.0,25.7
2023-11-16 00:00,11.1,41.3,14.4,50.5
2023-11-16 06:00,13.7,54.4,15.5,53.9
2023-11-16 12:00,11.9,41.7,15.9,35.1
2023-11-16 18:00,12.7,44.4,15.1,27.0
2023-11-17 00:00,14.4,60.2,13.3,50.8
2023-11-17 06:00,14.3,37.4,15.4,33.4
2023-11-17 12:00,13.0,58.1,15.5,54.3
2023-11-17 18:00,12.2,37.2,14.6,35.6
2023-11-18 00:00,13.9,57.8,13.2,45.0
2023-11-18 06:00,13.5,64.1,14.3,52.7
2023-11-18 12:00,13.0,40.3,14.3,53.0
2023-11-18 18:00,12.9,42.8,14.5,32.4
2023-11-19 00:00,14.8,39.6,14.8,40.3
2023-11-19 06:00,11.8,55.5,16.0,27.2
2023-11-19 12:00,12.9,55.2,16.0,42.8
2023-11-19 18:00,15.1,39.4,13.3,30.3
2023-11-20 00:00,14.4,51.6,13.5,54.5
2023-11-20 06:00,11.7,62.2,16.0,26.7
2023-11-20 12:00,13.6,51.4,15.7,53.8
2023-11-20 18:00,12.5,38.0,13.3,46.9
2023-11-21 00:00,12.5,54.5,14.4,54.5
2023-11-21 06:00,13.4,40.9,15.4,40.0
2023-11-21 12:00,14.6,40.9,14.4,53.9
2023-11-21 18:00,13.0,62.0,14.2,46.2
2023-11-22 00:00,11.9,56.6,16.0,28.9
2023-11-22 06:00,14.0,47.9,13.8,51.0
2023-11-22 12:00,13.2,43.7,15.6,36.9
2023-11-22 18:00,12.0,45.1,14.0,33.8
2023-11-23 00:00,13.7,49.6,15.5,44.9
2023-11-23 06:00,15.7,50.7,16.1,27.6
2023-11-23 12:00,14.3,38.8,13.5,34.6
2023-11-23 18:00,13.4,42.9,14.3,44.7
2023-11-24 00:00,14.5,39.9,15.2,41.7
2023-11-24 06:00,15.0,59.7,16.2,40.0
2023-11-24 12:00,14.8,46.2,14.6,51.0
2023-11-24 18:00,14.1,57.8,14.7,25.2
2023-11-25 00:00,13.9,59.0,15.9,42.3
2023-11-25 06:00,14.8,62.6,14.5,41.5
2023-11-25 12:00,12.5,43.1,16.2,49.4
2023-11-25 18:00,13.4,37.8,16.0,39.5
2023-11-26 00:00,15.3,37.5,14.9,48.9
2023-11-26 06:00,15.9,50.6,16.4,35.0
2023-11-26 12:00,12.4,63.9,14.0,41.9
2023-11-26 18:00,16.1,57.7,14.7,31.8
2023-11-27 00:00,15.3,63.7,14.0,36.0
2023-11-27 06:00,15.4,58.8,14.1,26.5
2023-11-27 12:00,15.9,35.1,15.0,41.8
2023-11-27 18:00,15.3,43.4,14.0,29.5
2023-11-28 00:00,15.0,51.5,13.8,38.3
2023-11-28 06:00,12.8,49.7,16.0,33.1
2023-11-28 12:00,16.4,35.6,15.3,54.0
2023-11-28 18:00,14.2,64.8,14.6,41.7
2023-11-29 00:00,13.3,44.2,14.4,43.4
2023-11-29 06:00,14.9,47.6,16.3,40.7
2023-11-29 12:00,13.5,46.6,15.9,41.0
2023-11-29 18:00,14.2,43.9,14.9,28.2
2023-11-30 00:00,14.3,38.9,15.6,35.8
2023-11-30 06:00,13.1,42.6,16.0,38.5
2023-11-30 12:00,14.5,46.0,14.2,38.0
2023-11-30 18:00,14.1,53.7,16.7,34.5
2023-12-01 00:00,14.8,55.0,15.2,49.8
2023-12-01 06:00,14.4,51.2,14.4,26.2
2023-12-01 12:00,16.7,64.7,16.4,29.6
2023-12-01 18:00,16.8,63.1,14.6,52.1
2023-12-02 00:00,14.5,43.4,14.4,25.2
2023-12-02 06:00,15.0,40.8,15.5,33.4
2023-12-02 12:00,15.0,52.8,14.8,40.8
2023-12-02 18:00,13.4,39.4,15.0,30.2
2023-12-03 00:00,13.5,45.5,16.0,52.5
2023-12-03 06:00,16.3,56.0,15.3,39.7
2023-12-03 12:00,14.9,40.2,16.3,46.0
2023-12-03 18:00,17.2,62.7,14.4,31.0
2023-12-04 00:00,16.7,47.0,15.3,30.1
2023-12-04 06:00,15.1,38.3,16.1,29.6
2023-12-04 12:00,15.4,52.7,14.8,41.8
2023-12-04 18:00,17.0,43.1,17.0,44.3
2023-12-05 00:00,16.2,42.6,14.9,40.1
2023-12-05 06:00,16.6,56.5,16.2,33.5
2023-12-05 12:00,15.8,50.6,15.7,30.7
2023-12-05 18:00,13.9,35.4,16.8,43.3
2023-12-06 00:00,15.7,38.8,15.6,40.9
2023-12-06 06:00,14.2,54.3,15.7,25.6
2023-12-06 12:00,16.7,60.7,14.8,33.1
2023-12-06 18:00,16.7,51.0,16.9,54.4
2023-12-07 00:00,14.7,47.5,15.4,34.4
2023-12-07 06:00,16.4,58.8,15.3,35.0
2023-12-07 12:00,16.6,46.0,15.3,39.0
2023-12-07 18:00,15.6,52.7,17.4,31.4
2023-12-08 00:00,15.3,36.5,16.5,49.9
2023-12-08 06:00,15.3,49.0,17.0,26.5
2023-12-08 12:00,14.3,35.3,16.9,32.2
2023-12-08 18:00,15.4,42.4,17.2,37.1
2023-12-09 00:00,16.9,49.7,16.9,52.5
2023-12-09 06:00,15.9,60.2,14.9,36.1
2023-12-09 12:00,15.3,39.5,17.1,28.4
2023-12-09 18:00,16.2,36.7,16.6,41.7
2023-12-10 00:00,16.9,57.3,15.0,39.2
2023-12-10 06:00,18.1,38.7,17.6,46.9
2023-12-10 12:00,16.8,49.5,15.6,49.2
2023-12-10 18:00,15.8,36.3,16.0,39.7
2023-12-11 00:00,16.6,45.6,15.9,42.9
2023-12-11 06:00,16.2,51.1,17.2,26.0
2023-12-11 12:00,17.4,53.8,16.4,37.5
2023-12-11 18:00,18.2,57.0,16.5,49.8
2023-12-12 00:00,18.8,41.4,17.5,32.9
2023-12-12 06:00,17.0,48.9,17.8,42.3
2023-12-12 12:00,18.7,37.1,15.6,32.5
2023-12-12 18:00,16.0,63.6,17.2,29.4
2023-12-13 00:00,18.2,57.5,15.3,38.9
2023-12-13 06:00,15.2,35.4,15.4,40.3
2023-12-13 12:00,17.5,58.9,15.1,30.5
2023-12-13 18:00,16.8,40.3,16.2,46.9
2023-12-14 00:00,18.1,35.8,17.0,52.6
2023-12-14 06:00,16.0,48.6,17.5,53.7
2023-12-14 12:00,17.8,38.2,15.8,30.8
2023-12-14 18:00,16.0,49.2,17.9,35.0
2023-12-15 00:00,17.3,47.6,17.0,31.9
2023-12-15 06:00,18.1,62.8,17.4,29.9
2023-12-15 12:00,16.8,64.1,15.4,34.4
2023-12-15 18:00,16.3,58.2,15.4,29.0
2023-12-16 00:00,16.3,37.9,16.9,41.9
2023-12-16 06:00,15.6,45.5,16.9,43.3
2023-12-16 12:00,16.5,41.3,16.5,37.2
2023-12-16 18:00,16.7,51.3,16.4,29.2
2023-12-17 00:00,16.2,47.8,17.6,47.2
2023-12-17 06:00,19.3,62.2,15.9,43.7
2023-12-17 12:00,16.9,61.6,17.2,35.7
2023-12-17 18:00,16.4,35.3,17.1,46.6
2023-12-18 00:00,17.6,50.0,16.9,45.2
2023-12-18 06:00,17.4,50.2,17.9,25.9
2023-12-18 12:00,19.4,61.9,16.8,44.5
2023-12-18 18:00,18.6,37.7,16.5,34.9
2023-12-19 00:00,16.8,44.9,16.8,31.9
2023-12-19 06:00,19.3,51.0,16.2,34.6
2023-12-19 12:00,19.7,50.4,15.9,53.7
2023-12-19 18:00,19.4,48.1,15.6,27.6
2023-12-20 00:00,18.3,56.0,15.9,53.0
2023-12-20 06:00,18.9,48.4,17.4,54.5
2023-12-20 12:00,20.0,45.2,18.2,47.0
2023-12-20 18:00,17.8,42.7,18.4,31.4
2023-12-21 00:00,16.7,35.6,16.8,42.9
2023-12-21 06:00,17.5,50.2,18.3,30.8
2023-12-21 12:00,18.4,35.7,17.9,53.4
2023-12-21 18:00,17.1,47.3,17.4,38.5
2023-12-22 00:00,17.6,54.2,18.7,51.3
2023-12-22 06:00,18.4,51.9,18.4,53.9
2023-12-22 12:00,17.9,37.6,18.0,33.0
2023-12-22 18:00,16.8,40.7,16.8,43.6
2023-12-23 00:00,18.6,35.3,16.5,34.1
2023-12-23 06:00,18.2,49.3,17.8,37.3
2023-12-23 12:00,17.4,39.9,17.7,40.0
2023-12-23 18:00,17.0,42.9,16.2,33.8
2023-12-24 00:00,19.7,51.7,16.3,39.4
2023-12-24 06:00,19.2,56.1,18.8,42.9
2023-12-24 12:00,17.0,64.2,16.0,47.3
2023-12-24 18:00,20.3,64.3,17.2,43.7
2023-12-25 00:00,20.7,41.3,17.4,25.4
2023-12-25 06:00,17.7,46.2,18.1,53.1
2023-12-25 12:00,20.6,44.2,16.2,28.3
2023-12-25 18:00,19.1,47.3,18.7,46.8
2023-12-26 00:00,20.6,45.8,17.6,51.6
2023-12-26 06:00,19.0,35.2,17.9,32.8
2023-12-26 12:00,17.3,48.5,17.2,50.5
2023-12-26 18:00,18.4,53.5,18.0,49.3
2023-12-27 00:00,17.3,36.0,16.9,54.3
2023-12-27 06:00,19.5,42.3,16.2,43.0
2023-12-27 12:00,20.3,48.8,17.1,51.1
2023-12-27 18:00,18.2,40.2,16.8,27.6
2023-12-28 00:00,20.1,53.5,16.4,48.9
2023-12-28 06:00,21.1,53.5,17.0,53.5
2023-12-28 12:00,20.7,54.2,16.4,54.7
2023-12-28 18:00,20.1,48.3,17.0,26.2
2023-12-29 00:00,20.3,49.2,18.5,40.6
2023-12-29 06:00,20.6,43.3,18.3,53.9
2023-12-29 12:00,19.9,56.7,16.4,49.4
2023-12-29 18:00,20.0,37.1,16.8,44.8
2023-12-30 00:00,18.1,49.2,16.5,29.1
2023-12-30 06:00,21.6,50.3,19.0,25.8
2023-12-30 12:00,20.8,53.6,18.4,46.9
2023-12-30 18:00,20.5,59.7,18.1,28.6
2023-12-31 00:00,21.0,55.7,18.0,25.1
2023-12-31 06:00,21.8,39.1,18.6,50.3
2023-12-31 12:00,20.3,46.5,19.5,43.5
2023-12-31 18:00,20.6,62.6,16.6,52.4
2024-01-01 00:00,19.5,64.6,17.9,38.5
2024-01-01 06:00,19.7,52.6,18.7,37.8
2024-01-01 12:00,20.0,37.1,19.0,42.7
2024-01-01 18:00,18.5,49.9,17.4,28.4
2024-01-02 00:00,21.1,64.4,19.0,50.3
2024-01-02 06:00,21.7,35.5,17.0,51.6
2024-01-02 12:00,21.4,43.3,18.1,37.8
2024-01-02 18:00,19.0,51.9,18.6,33.9
2024-01-03 00:00,19.3,51.3,17.3,28.2
2024-01-03 06:00,20.2,57.8,18.5,34.4
2024-01-03 12:00,21.9,44.5,18.0,51.6
2024-01-03 18:00,19.0,39.7,19.5,32.4
2024-01-04 00:00,22.6,46.4,17.6,50.0
2024-01-04 06:00,22.0,46.6,17.8,44.3
2024-01-04 12:00,19.4,58.5,17.8,42.9
2024-01-04 18:00,20.8,40.3,17.9,52.7
2024-01-05 00:00,22.4,54.4,18.0,25.9
2024-01-05 06:00,21.9,61.2,19.7,32.1
2024-01-05 12:00,20.9,45.8,19.1,38.1
2024-01-05 18:00,21.0,43.1,19.8,46.5
2024-01-06 00:00,21.9,59.9,18.5,41.8
2024-01-06 06:00,21.3,40.2,17.8,25.5
2024-01-06 12:00,22.1,61.3,19.3,48.1
2024-01-06 18:00,22.2,62.0,19.3,41.1
2024-01-07 00:00,22.9,48.0,18.5,50.0
2024-01-07 06:00,19.7,64.8,17.2,38.0
2024-01-07 12:00,21.4,47.6,17.9,25.1
2024-01-07 18:00,19.6,53.2,19.5,34.8
2024-01-08 00:00,22.9,47.8,18.2,35.8
2024-01-08 06:00,20.7,63.4,18.7,27.9
2024-01-08 12:00,23.1,51.9,18.8,48.7
2024-01-08 18:00,21.0,60.8,17.3,44.1
2024-01-09 00:00,21.0,57.2,19.7,49.3
2024-01-09 06:00,21.0,39.9,18.1,25.3
2024-01-09 12:00,20.0,52.3,19.0,44.6
2024-01-09 18:00,21.3,49.9,19.8,44.4
2024-01-10 00:00,23.2,61.4,18.7,36.1
2024-01-10 06:00,20.9,35.9,17.7,31.9
2024-01-10 12:00,20.9,49.9,17.9,42.3
2024-01-10 18:00,21.7,56.8,18.8,37.0
2024-01-11 00:00,21.7,46.4,19.0,46.2
2024-01-11 06:00,21.4,53.4,19.4,27.6
2024-01-11 12:00,22.3,48.6,19.9,35.4
2024-01-11 18:00,20.9,61.7,17.6,26.7
2024-01-12 00:00,23.4,37.1,17.7,30.3
2024-01-12 06:00,22.3,48.5,19.8,28.9
2024-01-12 12:00,20.7,57.3,18.4,33.5
2024-01-12 18:00,22.3,46.7,18.2,38.7
2024-01-13 00:00,21.6,53.0,20.3,40.5
2024-01-13 06:00,23.1,54.7,19.1,38.8
2024-01-13 12:00,20.5,63.0,19.9,36.0
2024-01-13 18:00,20.8,52.4,19.3,39.7
2024-01-14 00:00,23.0,37.8,18.0,28.4
2024-01-14 06:00,23.3,53.5,20.4,50.4
2024-01-14 12:00,22.1,59.6,20.5,52.4
2024-01-14 18:00,22.1,37.8,18.2,33.0
2024-01-15 00:00,23.5,43.0,19.6,27.8
2024-01-15 06:00,23.1,59.3,20.5,38.5
2024-01-15 12:00,22.7,57.8,19.0,33.0
2024-01-15 18:00,21.7,42.8,19.6,31.4
2024-01-16 00:00,22.4,50.2,19.5,51.2
2024-01-16 06:00,20.9,57.5,20.8,35.1
2024-01-16 12:00,22.2,61.1,20.5,44.5
2024-01-16 18:00,23.3,51.0,19.8,30.5
2024-01-17 00:00,22.9,63.7,19.0,54.1
2024-01-17 06:00,24.4,40.2,18.5,54.3
2024-01-17 12:00,21.7,56.1,20.3,43.0
2024-01-17 18:00,22.9,49.8,19.5,40.3
2024-01-18 00:00,23.6,39.8,18.9,33.8
2024-01-18 06:00,23.2,35.1,19.7,27.1
2024-01-18 12:00,21.2,63.5,20.6,43.3
2024-01-18 18:00,22.4,55.2,19.1,40.7
2024-01-19 00:00,24.9,59.7,19.1,42.4
2024-01-19 06:00,23.2,37.8,18.2,44.1
2024-01-19 12:00,22.3,53.7,18.4,39.9
2024-01-19 18:00,23.2,57.9,20.1,25.3
2024-01-20 00:00,22.0,49.4,18.2,41.4
2024-01-20 06:00,22.6,64.1,20.2,28.3
2024-01-20 12:00,22.8,58.8,20.3,43.9
2024-01-20 18:00,21.4,57.2,19.1,47.2
2024-01-21 00:00,22.9,49.9,20.6,30.4
2024-01-21 06:00,24.0,38.5,20.7,28.9
2024-01-21 12:00,23.4,60.7,21.0,36.4
2024-01-21 18:00,23.3,59.9,18.5,37.4
2024-01-22 00:00,21.8,36.4,18.5,28.1
2024-01-22 06:00,23.1,38.8,18.6,25.4
2024-01-22 12:00,23.6,57.1,18.7,44.2
2024-01-22 18:00,25.4,42.8,19.1,49.9
2024-01-23 00:00,25.6,52.1,20.2,52.8
2024-01-23 06:00,23.1,46.4,18.4,42.8
2024-01-23 12:00,22.2,58.1,20.3,45.0
2024-01-23 18:00,25.4,48.6,20.7,48.1
2024-01-24 00:00,24.2,64.2,19.8,47.7
2024-01-24 06:00,22.2,40.5,21.1,27.0
2024-01-24 12:00,25.1,57.5,19.4,50.2
2024-01-24 18:00,25.5,52.2,19.9,29.3
2024-01-25 00:00,25.7,55.4,21.2,50.2
2024-01-25 06:00,25.0,48.6,20.8,41.1
2024-01-25 12:00,24.6,43.6,20.7,44.8
2024-01-25 18:00,22.5,39.8,19.1,42.0
2024-01-26 00:00,26.1,46.4,18.9,26.5
2024-01-26 06:00,25.1,38.5,21.6,28.9
2024-01-26 12:00,23.7,37.6,19.6,38.5
2024-01-26 18:00,26.0,49.2,19.5,39.3
2024-01-27 00:00,24.6,64.0,19.3,52.0
2024-01-27 06:00,23.4,39.9,19.2,31.0
2024-01-27 12:00,22.5,56.9,19.7,42.6
2024-01-27 18:00,26.0,54.2,21.3,51.2
2024-01-28 00:00,24.8,37.1,21.1,48.9
2024-01-28 06:00,23.2,38.7,20.1,46.3
2024-01-28 12:00,23.3,46.4,20.8,34.0
2024-01-28 18:00,22.8,37.1,18.8,45.4
2024-01-29 00:00,26.5,59.8,21.8,44.6
2024-01-29 06:00,23.7,36.6,21.0,44.8
2024-01-29 12:00,25.2,47.7,19.9,33.5
2024-01-29 18:00,23.2,35.2,19.5,26.4
2024-01-30 00:00,23.5,55.9,19.6,40.6
2024-01-30 06:00,24.0,62.8,20.3,50.0
2024-01-30 12:00,23.7,57.8,21.4,32.7
2024-01-30 18:00,25.4,39.9,21.1,51.4
2024-01-31 00:00,25.0,56.8,21.1,33.9
2024-01-31 06:00,26.8,56.4,22.0,26.0
2024-01-31 12:00,25.7,62.0,19.2,51.4
2024-01-31 18:00,23.2,45.7,20.8,30.9
2024-02-01 00:00,26.8,45.9,19.6,40.4
2024-02-01 06:00,24.4,59.8,21.3,50.7
2024-02-01 12:00,26.3,55.4,21.4,38.5
2024-02-01 18:00,27.1,42.4,20.1,39.8
2024-02-02 00:00,26.1,54.4,20.2,46.6
2024-02-02 06:00,27.2,40.9,19.4,42.0
2024-02-02 12:00,24.0,46.6,22.1,42.4
2024-02-02 18:00,23.5,46.9,20.4,33.5
2024-02-03 00:00,23.8,41.7,19.6,52.4
2024-02-03 06:00,25.1,64.4,21.6,41.0
2024-02-03 12:00,26.1,58.4,21.3,39.5
2024-02-03 18:00,26.9,49.0,21.6,50.3
2024-02-04 00:00,26.8,63.0,20.4,51.3
2024-02-04 06:00,26.7,50.7,21.9,29.5
2024-02-04 12:00,24.3,44.8,19.7,48.5
2024-02-04 18:00,26.0,51.0,19.4,40.4
